axon development	4.348148397338663e-17	FBgn0000273,FBgn0000636,FBgn0000723,FBgn0003300,FBgn0003380,FBgn0004449,FBgn0004456,FBgn0004839,FBgn0004885,FBgn0005636,FBgn0010105,FBgn0010415,FBgn0010452,FBgn0010473,FBgn0013433,FBgn0014163,FBgn0015380,FBgn0015609,FBgn0016061,FBgn0016797,FBgn0020294,FBgn0023095,FBgn0024277,FBgn0026239,FBgn0033438,FBgn0033791,FBgn0034072,FBgn0034720,FBgn0035101,FBgn0038087,FBgn0038092,FBgn0038494,FBgn0038498,FBgn0039617,FBgn0053202,FBgn0085443,FBgn0086677,FBgn0260660,FBgn0261046,FBgn0261588,FBgn0262018,FBgn0262733,FBgn0263873,FBgn0263930,FBgn0264006,FBgn0267001	GO:0061564
neuron development	1.635140965177278e-16	FBgn0000273,FBgn0000636,FBgn0000723,FBgn0003300,FBgn0003380,FBgn0004449,FBgn0004456,FBgn0004509,FBgn0004839,FBgn0004885,FBgn0005636,FBgn0010105,FBgn0010415,FBgn0010452,FBgn0010473,FBgn0011829,FBgn0013433,FBgn0014163,FBgn0015380,FBgn0015609,FBgn0016061,FBgn0016797,FBgn0020294,FBgn0022960,FBgn0023095,FBgn0024277,FBgn0026239,FBgn0027339,FBgn0033438,FBgn0033791,FBgn0034072,FBgn0034720,FBgn0035101,FBgn0035802,FBgn0038087,FBgn0038092,FBgn0038494,FBgn0038498,FBgn0039431,FBgn0039617,FBgn0040752,FBgn0052423,FBgn0053202,FBgn0085407,FBgn0085414,FBgn0085443,FBgn0086677,FBgn0260660,FBgn0261046,FBgn0261588,FBgn0262018,FBgn0262473,FBgn0262733,FBgn0263873,FBgn0263930,FBgn0264006,FBgn0265487,FBgn0266521,FBgn0267001	GO:0048666
cell communication	4.302359269197503e-16	FBgn0000024,FBgn0000038,FBgn0000273,FBgn0000395,FBgn0000723,FBgn0002643,FBgn0003380,FBgn0003463,FBgn0003984,FBgn0004168,FBgn0004244,FBgn0004449,FBgn0004514,FBgn0004839,FBgn0004841,FBgn0004852,FBgn0004885,FBgn0010329,FBgn0011582,FBgn0011706,FBgn0011829,FBgn0015380,FBgn0015400,FBgn0015519,FBgn0015591,FBgn0015609,FBgn0015946,FBgn0016797,FBgn0019985,FBgn0024277,FBgn0025638,FBgn0025833,FBgn0028875,FBgn0029082,FBgn0029768,FBgn0029939,FBgn0030208,FBgn0030230,FBgn0030897,FBgn0032840,FBgn0033058,FBgn0033438,FBgn0033744,FBgn0033791,FBgn0033876,FBgn0034072,FBgn0034136,FBgn0034720,FBgn0035101,FBgn0035331,FBgn0035538,FBgn0035733,FBgn0035756,FBgn0035802,FBgn0036165,FBgn0036368,FBgn0036732,FBgn0036790,FBgn0036921,FBgn0037015,FBgn0037408,FBgn0037546,FBgn0038436,FBgn0038542,FBgn0039054,FBgn0040752,FBgn0041094,FBgn0041605,FBgn0051183,FBgn0051660,FBgn0051665,FBgn0052183,FBgn0053531,FBgn0083963,FBgn0083975,FBgn0085370,FBgn0085387,FBgn0085407,FBgn0085443,FBgn0085447,FBgn0086677,FBgn0086778,FBgn0250910,FBgn0259145,FBgn0259171,FBgn0260003,FBgn0260660,FBgn0261549,FBgn0261560,FBgn0261588,FBgn0261988,FBgn0262473,FBgn0262593,FBgn0262656,FBgn0262733,FBgn0263257,FBgn0263706,FBgn0263930,FBgn0263995,FBgn0264006,FBgn0264386,FBgn0264606,FBgn0264707,FBgn0264815,FBgn0264895,FBgn0265416,FBgn0266101,FBgn0266137,FBgn0267001	GO:0007154
axonogenesis	6.23478847503063e-16	FBgn0000636,FBgn0000723,FBgn0003300,FBgn0003380,FBgn0004449,FBgn0004456,FBgn0004839,FBgn0004885,FBgn0005636,FBgn0010105,FBgn0010415,FBgn0010452,FBgn0010473,FBgn0013433,FBgn0014163,FBgn0015380,FBgn0015609,FBgn0016061,FBgn0016797,FBgn0020294,FBgn0023095,FBgn0024277,FBgn0026239,FBgn0033438,FBgn0033791,FBgn0034072,FBgn0034720,FBgn0038087,FBgn0038092,FBgn0038494,FBgn0038498,FBgn0039617,FBgn0053202,FBgn0085443,FBgn0085447,FBgn0086677,FBgn0260660,FBgn0261046,FBgn0261588,FBgn0262018,FBgn0262733,FBgn0263873,FBgn0263930,FBgn0264006,FBgn0267001	GO:0007409
neuron differentiation	1.3599374839818214e-15	FBgn0000273,FBgn0000636,FBgn0000723,FBgn0002643,FBgn0003300,FBgn0003380,FBgn0004449,FBgn0004456,FBgn0004509,FBgn0004839,FBgn0004885,FBgn0005636,FBgn0010105,FBgn0010415,FBgn0010452,FBgn0010473,FBgn0011829,FBgn0013433,FBgn0013469,FBgn0014163,FBgn0015380,FBgn0015609,FBgn0016061,FBgn0016797,FBgn0020294,FBgn0021764,FBgn0022960,FBgn0023095,FBgn0024277,FBgn0025638,FBgn0026239,FBgn0027339,FBgn0029082,FBgn0033438,FBgn0033791,FBgn0034072,FBgn0034720,FBgn0035101,FBgn0035802,FBgn0038087,FBgn0038092,FBgn0038494,FBgn0038498,FBgn0039431,FBgn0039617,FBgn0040752,FBgn0052423,FBgn0053202,FBgn0085407,FBgn0085414,FBgn0085443,FBgn0085447,FBgn0086677,FBgn0260660,FBgn0260941,FBgn0261046,FBgn0261588,FBgn0261648,FBgn0262018,FBgn0262111,FBgn0262473,FBgn0262733,FBgn0263873,FBgn0263930,FBgn0264006,FBgn0265487,FBgn0266521,FBgn0267001	GO:0030182
generation of neurons	1.508344312708684e-15	FBgn0000273,FBgn0000636,FBgn0000723,FBgn0001180,FBgn0001981,FBgn0002643,FBgn0003300,FBgn0003380,FBgn0004449,FBgn0004456,FBgn0004509,FBgn0004839,FBgn0004885,FBgn0005636,FBgn0010105,FBgn0010415,FBgn0010452,FBgn0010473,FBgn0011829,FBgn0013433,FBgn0013469,FBgn0014163,FBgn0015380,FBgn0015609,FBgn0016061,FBgn0016797,FBgn0020294,FBgn0021764,FBgn0022960,FBgn0023095,FBgn0024277,FBgn0025638,FBgn0026239,FBgn0027339,FBgn0029082,FBgn0032741,FBgn0033438,FBgn0033791,FBgn0034072,FBgn0034720,FBgn0035101,FBgn0035802,FBgn0038087,FBgn0038092,FBgn0038494,FBgn0038498,FBgn0039431,FBgn0039617,FBgn0040752,FBgn0052423,FBgn0053202,FBgn0085407,FBgn0085414,FBgn0085443,FBgn0085447,FBgn0086677,FBgn0260660,FBgn0260941,FBgn0261046,FBgn0261588,FBgn0261648,FBgn0262018,FBgn0262111,FBgn0262473,FBgn0262656,FBgn0262733,FBgn0263873,FBgn0263930,FBgn0264006,FBgn0265487,FBgn0266521,FBgn0267001	GO:0048699
signaling	2.3886345508243165e-15	FBgn0000024,FBgn0000038,FBgn0000273,FBgn0000395,FBgn0000723,FBgn0002643,FBgn0003380,FBgn0003463,FBgn0003984,FBgn0004168,FBgn0004244,FBgn0004449,FBgn0004514,FBgn0004839,FBgn0004841,FBgn0004852,FBgn0004885,FBgn0010329,FBgn0011582,FBgn0011706,FBgn0011829,FBgn0015380,FBgn0015400,FBgn0015519,FBgn0015591,FBgn0015946,FBgn0016797,FBgn0019985,FBgn0024277,FBgn0025638,FBgn0025833,FBgn0028875,FBgn0029082,FBgn0029768,FBgn0029939,FBgn0030208,FBgn0030230,FBgn0030897,FBgn0032840,FBgn0033058,FBgn0033438,FBgn0033744,FBgn0033791,FBgn0033876,FBgn0034072,FBgn0034136,FBgn0035101,FBgn0035331,FBgn0035538,FBgn0035733,FBgn0035756,FBgn0035802,FBgn0036165,FBgn0036368,FBgn0036732,FBgn0036790,FBgn0036921,FBgn0037015,FBgn0037408,FBgn0037546,FBgn0038436,FBgn0038542,FBgn0039054,FBgn0040752,FBgn0041094,FBgn0041605,FBgn0051183,FBgn0051660,FBgn0051665,FBgn0052183,FBgn0053531,FBgn0083963,FBgn0083975,FBgn0085370,FBgn0085387,FBgn0085407,FBgn0085443,FBgn0085447,FBgn0086677,FBgn0086778,FBgn0250910,FBgn0259145,FBgn0259171,FBgn0260003,FBgn0260660,FBgn0261549,FBgn0261560,FBgn0261988,FBgn0262473,FBgn0262593,FBgn0262656,FBgn0262733,FBgn0263257,FBgn0263706,FBgn0263930,FBgn0263995,FBgn0264006,FBgn0264386,FBgn0264606,FBgn0264707,FBgn0264815,FBgn0264895,FBgn0265416,FBgn0266101,FBgn0266137,FBgn0267001	GO:0023052
taxis	4.011805004155884e-15	FBgn0000636,FBgn0000723,FBgn0001981,FBgn0003300,FBgn0003996,FBgn0004449,FBgn0004456,FBgn0004839,FBgn0004885,FBgn0005636,FBgn0010105,FBgn0010415,FBgn0010452,FBgn0010473,FBgn0011582,FBgn0013433,FBgn0015380,FBgn0015609,FBgn0016061,FBgn0016797,FBgn0020294,FBgn0023095,FBgn0024277,FBgn0026239,FBgn0033438,FBgn0033791,FBgn0034072,FBgn0038087,FBgn0038092,FBgn0038494,FBgn0038498,FBgn0039617,FBgn0052423,FBgn0053202,FBgn0086677,FBgn0260660,FBgn0261046,FBgn0261549,FBgn0261588,FBgn0262018,FBgn0262473,FBgn0262733,FBgn0263930,FBgn0264006,FBgn0265194,FBgn0267001	GO:0042330
neuron projection development	7.195746292702894e-15	FBgn0000273,FBgn0000636,FBgn0000723,FBgn0003300,FBgn0003380,FBgn0004449,FBgn0004456,FBgn0004839,FBgn0004885,FBgn0005636,FBgn0010105,FBgn0010415,FBgn0010452,FBgn0010473,FBgn0011829,FBgn0013433,FBgn0014163,FBgn0015380,FBgn0015609,FBgn0016061,FBgn0016797,FBgn0020294,FBgn0023095,FBgn0024277,FBgn0026239,FBgn0027339,FBgn0033438,FBgn0033791,FBgn0034072,FBgn0034720,FBgn0035101,FBgn0035802,FBgn0038087,FBgn0038092,FBgn0038494,FBgn0038498,FBgn0039617,FBgn0040752,FBgn0053202,FBgn0085443,FBgn0085447,FBgn0086677,FBgn0260660,FBgn0261046,FBgn0261588,FBgn0262018,FBgn0262733,FBgn0263873,FBgn0263930,FBgn0264006,FBgn0266521,FBgn0267001	GO:0031175
cell junction organization	1.5122814341246837e-14	FBgn0004449,FBgn0004509,FBgn0010105,FBgn0010415,FBgn0015380,FBgn0016797,FBgn0019985,FBgn0023095,FBgn0024189,FBgn0024277,FBgn0028369,FBgn0030723,FBgn0030897,FBgn0031837,FBgn0033438,FBgn0034286,FBgn0034720,FBgn0035170,FBgn0037015,FBgn0037908,FBgn0039431,FBgn0039617,FBgn0040726,FBgn0040752,FBgn0040823,FBgn0041605,FBgn0051708,FBgn0052791,FBgn0053202,FBgn0083963,FBgn0083975,FBgn0085387,FBgn0085414,FBgn0085420,FBgn0086677,FBgn0259245,FBgn0261560,FBgn0262018,FBgn0262473,FBgn0262733,FBgn0264006,FBgn0264606,FBgn0265416,FBgn0266521,FBgn0267001	GO:0034330
multicellular organismal process	1.6130887184692613e-14	FBgn0000038,FBgn0000042,FBgn0000114,FBgn0000273,FBgn0000395,FBgn0000636,FBgn0000723,FBgn0001180,FBgn0001226,FBgn0001981,FBgn0002643,FBgn0003285,FBgn0003300,FBgn0003380,FBgn0003463,FBgn0003984,FBgn0003996,FBgn0004168,FBgn0004244,FBgn0004449,FBgn0004456,FBgn0004509,FBgn0004514,FBgn0004839,FBgn0004852,FBgn0004870,FBgn0004885,FBgn0005636,FBgn0010105,FBgn0010317,FBgn0010329,FBgn0010415,FBgn0010452,FBgn0010473,FBgn0011582,FBgn0011706,FBgn0011710,FBgn0011829,FBgn0013433,FBgn0013469,FBgn0013732,FBgn0013753,FBgn0014163,FBgn0015229,FBgn0015380,FBgn0015519,FBgn0015591,FBgn0015609,FBgn0015946,FBgn0016061,FBgn0016797,FBgn0019985,FBgn0020294,FBgn0021764,FBgn0022960,FBgn0023095,FBgn0024189,FBgn0024277,FBgn0025638,FBgn0026144,FBgn0026239,FBgn0027339,FBgn0028369,FBgn0028704,FBgn0028875,FBgn0029082,FBgn0029768,FBgn0029939,FBgn0030362,FBgn0030520,FBgn0030723,FBgn0031285,FBgn0032010,FBgn0032741,FBgn0032840,FBgn0033438,FBgn0033791,FBgn0034072,FBgn0034136,FBgn0034286,FBgn0034408,FBgn0034636,FBgn0034720,FBgn0034753,FBgn0034877,FBgn0035101,FBgn0035170,FBgn0035331,FBgn0035538,FBgn0035802,FBgn0036165,FBgn0036732,FBgn0036801,FBgn0037408,FBgn0037908,FBgn0038071,FBgn0038087,FBgn0038092,FBgn0038494,FBgn0038498,FBgn0038755,FBgn0039054,FBgn0039431,FBgn0039617,FBgn0040726,FBgn0040752,FBgn0040823,FBgn0041094,FBgn0041605,FBgn0042185,FBgn0050463,FBgn0051163,FBgn0051660,FBgn0051665,FBgn0051774,FBgn0052423,FBgn0053202,FBgn0053207,FBgn0053531,FBgn0083963,FBgn0083975,FBgn0085387,FBgn0085407,FBgn0085412,FBgn0085414,FBgn0085443,FBgn0085447,FBgn0086677,FBgn0086778,FBgn0260003,FBgn0260660,FBgn0260941,FBgn0261046,FBgn0261549,FBgn0261560,FBgn0261574,FBgn0261588,FBgn0261648,FBgn0261988,FBgn0262018,FBgn0262111,FBgn0262473,FBgn0262477,FBgn0262593,FBgn0262656,FBgn0262733,FBgn0263102,FBgn0263392,FBgn0263706,FBgn0263873,FBgn0263930,FBgn0263995,FBgn0264006,FBgn0264386,FBgn0264606,FBgn0264815,FBgn0265416,FBgn0265487,FBgn0265598,FBgn0266137,FBgn0266521,FBgn0267001,FBgn0267337,FBgn0267728,FBgn0284250	GO:0032501
neurogenesis	2.1911554239821638e-14	FBgn0000273,FBgn0000636,FBgn0000723,FBgn0001180,FBgn0001981,FBgn0002643,FBgn0003300,FBgn0003380,FBgn0004449,FBgn0004456,FBgn0004509,FBgn0004839,FBgn0004885,FBgn0005636,FBgn0010105,FBgn0010415,FBgn0010452,FBgn0010473,FBgn0011829,FBgn0013433,FBgn0013469,FBgn0014163,FBgn0015380,FBgn0015609,FBgn0016061,FBgn0016797,FBgn0020294,FBgn0021764,FBgn0022960,FBgn0023095,FBgn0024277,FBgn0025638,FBgn0026239,FBgn0027339,FBgn0029082,FBgn0032741,FBgn0033438,FBgn0033791,FBgn0034072,FBgn0034720,FBgn0035101,FBgn0035802,FBgn0038087,FBgn0038092,FBgn0038494,FBgn0038498,FBgn0039431,FBgn0039617,FBgn0040752,FBgn0052423,FBgn0053202,FBgn0085407,FBgn0085414,FBgn0085443,FBgn0085447,FBgn0086677,FBgn0260660,FBgn0260941,FBgn0261046,FBgn0261588,FBgn0261648,FBgn0262018,FBgn0262111,FBgn0262473,FBgn0262656,FBgn0262733,FBgn0263873,FBgn0263930,FBgn0264006,FBgn0265487,FBgn0266521,FBgn0267001	GO:0022008
axon guidance	3.31481543768191e-14	FBgn0000636,FBgn0000723,FBgn0003300,FBgn0004449,FBgn0004456,FBgn0004839,FBgn0004885,FBgn0005636,FBgn0010105,FBgn0010415,FBgn0010452,FBgn0010473,FBgn0013433,FBgn0015380,FBgn0015609,FBgn0016061,FBgn0016797,FBgn0020294,FBgn0023095,FBgn0024277,FBgn0026239,FBgn0033438,FBgn0033791,FBgn0034072,FBgn0038087,FBgn0038092,FBgn0038494,FBgn0038498,FBgn0039617,FBgn0053202,FBgn0086677,FBgn0260660,FBgn0261046,FBgn0261588,FBgn0262018,FBgn0262733,FBgn0263930,FBgn0264006,FBgn0267001	GO:0007411
chemotaxis	4.073736780706803e-14	FBgn0000636,FBgn0000723,FBgn0003300,FBgn0004449,FBgn0004456,FBgn0004839,FBgn0004885,FBgn0005636,FBgn0010105,FBgn0010415,FBgn0010452,FBgn0010473,FBgn0013433,FBgn0015380,FBgn0015609,FBgn0016061,FBgn0016797,FBgn0020294,FBgn0023095,FBgn0024277,FBgn0026239,FBgn0033438,FBgn0033791,FBgn0034072,FBgn0038087,FBgn0038092,FBgn0038494,FBgn0038498,FBgn0039617,FBgn0053202,FBgn0086677,FBgn0260660,FBgn0261046,FBgn0261588,FBgn0262018,FBgn0262473,FBgn0262733,FBgn0263930,FBgn0264006,FBgn0267001	GO:0006935
synapse organization	6.628885872141201e-14	FBgn0004449,FBgn0004509,FBgn0010105,FBgn0010415,FBgn0015380,FBgn0016797,FBgn0019985,FBgn0023095,FBgn0024277,FBgn0030723,FBgn0030897,FBgn0031837,FBgn0034286,FBgn0034720,FBgn0035170,FBgn0037015,FBgn0037908,FBgn0039431,FBgn0039617,FBgn0040726,FBgn0040752,FBgn0040823,FBgn0041605,FBgn0051708,FBgn0052791,FBgn0053202,FBgn0083963,FBgn0083975,FBgn0085414,FBgn0085420,FBgn0086677,FBgn0259245,FBgn0261560,FBgn0262473,FBgn0262733,FBgn0264006,FBgn0264606,FBgn0265416,FBgn0266521,FBgn0267001	GO:0050808
nervous system development	8.344084060664015e-14	FBgn0000273,FBgn0000636,FBgn0000723,FBgn0001180,FBgn0001981,FBgn0002643,FBgn0003300,FBgn0003380,FBgn0003984,FBgn0004449,FBgn0004456,FBgn0004509,FBgn0004839,FBgn0004885,FBgn0005636,FBgn0010105,FBgn0010415,FBgn0010452,FBgn0010473,FBgn0011706,FBgn0011829,FBgn0013433,FBgn0013469,FBgn0014163,FBgn0015229,FBgn0015380,FBgn0015609,FBgn0015946,FBgn0016061,FBgn0016797,FBgn0020294,FBgn0021764,FBgn0022960,FBgn0023095,FBgn0024277,FBgn0025638,FBgn0026239,FBgn0027339,FBgn0029082,FBgn0032741,FBgn0033438,FBgn0033791,FBgn0034072,FBgn0034720,FBgn0035101,FBgn0035802,FBgn0038087,FBgn0038092,FBgn0038494,FBgn0038498,FBgn0039431,FBgn0039617,FBgn0040752,FBgn0041605,FBgn0052423,FBgn0053202,FBgn0083963,FBgn0083975,FBgn0085407,FBgn0085414,FBgn0085443,FBgn0085447,FBgn0086677,FBgn0260660,FBgn0260941,FBgn0261046,FBgn0261588,FBgn0261648,FBgn0262018,FBgn0262111,FBgn0262473,FBgn0262656,FBgn0262733,FBgn0263873,FBgn0263930,FBgn0264006,FBgn0264606,FBgn0265487,FBgn0266521,FBgn0267001	GO:0007399
neuron projection guidance	1.0259830645555198e-13	FBgn0000636,FBgn0000723,FBgn0003300,FBgn0004449,FBgn0004456,FBgn0004839,FBgn0004885,FBgn0005636,FBgn0010105,FBgn0010415,FBgn0010452,FBgn0010473,FBgn0013433,FBgn0015380,FBgn0015609,FBgn0016061,FBgn0016797,FBgn0020294,FBgn0023095,FBgn0024277,FBgn0026239,FBgn0033438,FBgn0033791,FBgn0034072,FBgn0038087,FBgn0038092,FBgn0038494,FBgn0038498,FBgn0039617,FBgn0053202,FBgn0086677,FBgn0260660,FBgn0261046,FBgn0261588,FBgn0262018,FBgn0262733,FBgn0263930,FBgn0264006,FBgn0267001	GO:0097485
cell-cell adhesion	1.1070824804717425e-13	FBgn0000180,FBgn0000636,FBgn0003285,FBgn0004449,FBgn0004456,FBgn0010473,FBgn0013433,FBgn0015229,FBgn0015609,FBgn0021764,FBgn0023095,FBgn0024189,FBgn0028369,FBgn0029082,FBgn0035101,FBgn0037963,FBgn0038087,FBgn0038092,FBgn0038494,FBgn0038498,FBgn0083963,FBgn0083975,FBgn0261046,FBgn0261574,FBgn0262018,FBgn0262733,FBgn0267001	GO:0098609
cell morphogenesis involved in neuron differentiation	1.5774641363973483e-13	FBgn0000636,FBgn0000723,FBgn0003300,FBgn0003380,FBgn0004449,FBgn0004456,FBgn0004839,FBgn0004885,FBgn0005636,FBgn0010105,FBgn0010415,FBgn0010452,FBgn0010473,FBgn0013433,FBgn0014163,FBgn0015380,FBgn0015609,FBgn0016061,FBgn0016797,FBgn0020294,FBgn0023095,FBgn0024277,FBgn0026239,FBgn0027339,FBgn0033438,FBgn0033791,FBgn0034072,FBgn0034720,FBgn0038087,FBgn0038092,FBgn0038494,FBgn0038498,FBgn0039617,FBgn0040752,FBgn0053202,FBgn0085443,FBgn0086677,FBgn0260660,FBgn0261046,FBgn0261588,FBgn0262018,FBgn0262733,FBgn0263873,FBgn0263930,FBgn0264006,FBgn0267001	GO:0048667
neuron projection morphogenesis	2.800419339658552e-13	FBgn0000636,FBgn0000723,FBgn0003300,FBgn0003380,FBgn0004449,FBgn0004456,FBgn0004839,FBgn0004885,FBgn0005636,FBgn0010105,FBgn0010415,FBgn0010452,FBgn0010473,FBgn0013433,FBgn0014163,FBgn0015380,FBgn0015609,FBgn0016061,FBgn0016797,FBgn0020294,FBgn0023095,FBgn0024277,FBgn0026239,FBgn0027339,FBgn0033438,FBgn0033791,FBgn0034072,FBgn0034720,FBgn0035802,FBgn0038087,FBgn0038092,FBgn0038494,FBgn0038498,FBgn0039617,FBgn0040752,FBgn0053202,FBgn0085443,FBgn0085447,FBgn0086677,FBgn0260660,FBgn0261046,FBgn0261588,FBgn0262018,FBgn0262733,FBgn0263873,FBgn0263930,FBgn0264006,FBgn0267001	GO:0048812
cell projection morphogenesis	3.354969988768183e-13	FBgn0000636,FBgn0000723,FBgn0003300,FBgn0003380,FBgn0004449,FBgn0004456,FBgn0004839,FBgn0004885,FBgn0005636,FBgn0010105,FBgn0010415,FBgn0010452,FBgn0010473,FBgn0013433,FBgn0014163,FBgn0015380,FBgn0015609,FBgn0016061,FBgn0016797,FBgn0020294,FBgn0023095,FBgn0024277,FBgn0026239,FBgn0027339,FBgn0033438,FBgn0033791,FBgn0034072,FBgn0034720,FBgn0035802,FBgn0038087,FBgn0038092,FBgn0038494,FBgn0038498,FBgn0039617,FBgn0040752,FBgn0053202,FBgn0085443,FBgn0085447,FBgn0086677,FBgn0260660,FBgn0261046,FBgn0261588,FBgn0262018,FBgn0262733,FBgn0263873,FBgn0263930,FBgn0264006,FBgn0267001	GO:0048858
plasma membrane bounded cell projection morphogenesis	3.354969988768183e-13	FBgn0000636,FBgn0000723,FBgn0003300,FBgn0003380,FBgn0004449,FBgn0004456,FBgn0004839,FBgn0004885,FBgn0005636,FBgn0010105,FBgn0010415,FBgn0010452,FBgn0010473,FBgn0013433,FBgn0014163,FBgn0015380,FBgn0015609,FBgn0016061,FBgn0016797,FBgn0020294,FBgn0023095,FBgn0024277,FBgn0026239,FBgn0027339,FBgn0033438,FBgn0033791,FBgn0034072,FBgn0034720,FBgn0035802,FBgn0038087,FBgn0038092,FBgn0038494,FBgn0038498,FBgn0039617,FBgn0040752,FBgn0053202,FBgn0085443,FBgn0085447,FBgn0086677,FBgn0260660,FBgn0261046,FBgn0261588,FBgn0262018,FBgn0262733,FBgn0263873,FBgn0263930,FBgn0264006,FBgn0267001	GO:0120039
cell part morphogenesis	6.840565613276467e-13	FBgn0000636,FBgn0000723,FBgn0003300,FBgn0003380,FBgn0004449,FBgn0004456,FBgn0004839,FBgn0004885,FBgn0005636,FBgn0010105,FBgn0010415,FBgn0010452,FBgn0010473,FBgn0013433,FBgn0014163,FBgn0015380,FBgn0015609,FBgn0016061,FBgn0016797,FBgn0020294,FBgn0023095,FBgn0024277,FBgn0026239,FBgn0027339,FBgn0033438,FBgn0033791,FBgn0034072,FBgn0034720,FBgn0035802,FBgn0038087,FBgn0038092,FBgn0038494,FBgn0038498,FBgn0039617,FBgn0040752,FBgn0053202,FBgn0085443,FBgn0085447,FBgn0086677,FBgn0260660,FBgn0261046,FBgn0261588,FBgn0262018,FBgn0262733,FBgn0263873,FBgn0263930,FBgn0264006,FBgn0267001	GO:0032990
system development	1.305792681203673e-12	FBgn0000273,FBgn0000395,FBgn0000636,FBgn0000723,FBgn0001180,FBgn0001981,FBgn0002643,FBgn0003285,FBgn0003300,FBgn0003380,FBgn0003463,FBgn0003984,FBgn0004449,FBgn0004456,FBgn0004509,FBgn0004839,FBgn0004870,FBgn0004885,FBgn0005636,FBgn0010105,FBgn0010415,FBgn0010452,FBgn0010473,FBgn0011706,FBgn0011829,FBgn0013433,FBgn0013469,FBgn0014163,FBgn0015229,FBgn0015380,FBgn0015609,FBgn0015946,FBgn0016061,FBgn0016797,FBgn0020294,FBgn0021764,FBgn0022960,FBgn0023095,FBgn0024189,FBgn0024277,FBgn0025638,FBgn0026239,FBgn0027339,FBgn0028369,FBgn0028704,FBgn0029082,FBgn0032741,FBgn0033438,FBgn0033791,FBgn0034072,FBgn0034408,FBgn0034720,FBgn0035101,FBgn0035802,FBgn0036801,FBgn0038087,FBgn0038092,FBgn0038494,FBgn0038498,FBgn0038755,FBgn0039054,FBgn0039431,FBgn0039617,FBgn0040752,FBgn0041605,FBgn0051774,FBgn0052423,FBgn0053202,FBgn0083963,FBgn0083975,FBgn0085407,FBgn0085414,FBgn0085443,FBgn0085447,FBgn0086677,FBgn0260003,FBgn0260660,FBgn0260941,FBgn0261046,FBgn0261574,FBgn0261588,FBgn0261648,FBgn0261988,FBgn0262018,FBgn0262111,FBgn0262473,FBgn0262656,FBgn0262733,FBgn0263102,FBgn0263706,FBgn0263873,FBgn0263930,FBgn0264006,FBgn0264606,FBgn0265487,FBgn0265598,FBgn0266521,FBgn0267001,FBgn0267337,FBgn0267728,FBgn0284250	GO:0048731
cell morphogenesis involved in differentiation	1.938774665468731e-12	FBgn0000636,FBgn0000723,FBgn0003300,FBgn0003380,FBgn0004449,FBgn0004456,FBgn0004839,FBgn0004885,FBgn0005636,FBgn0010105,FBgn0010415,FBgn0010452,FBgn0010473,FBgn0013433,FBgn0014163,FBgn0015380,FBgn0015609,FBgn0016061,FBgn0016797,FBgn0020294,FBgn0023095,FBgn0024277,FBgn0026239,FBgn0027339,FBgn0033438,FBgn0033791,FBgn0034072,FBgn0034720,FBgn0038087,FBgn0038092,FBgn0038494,FBgn0038498,FBgn0039617,FBgn0040752,FBgn0051660,FBgn0053202,FBgn0085443,FBgn0085447,FBgn0086677,FBgn0260660,FBgn0261046,FBgn0261588,FBgn0261988,FBgn0262018,FBgn0262733,FBgn0263873,FBgn0263930,FBgn0264006,FBgn0267001	GO:0000904
cell adhesion	3.698915572256676e-12	FBgn0000180,FBgn0000636,FBgn0003285,FBgn0004449,FBgn0004456,FBgn0004839,FBgn0010452,FBgn0010473,FBgn0011829,FBgn0013433,FBgn0015229,FBgn0015609,FBgn0021764,FBgn0023095,FBgn0024189,FBgn0028369,FBgn0029082,FBgn0035101,FBgn0037963,FBgn0038087,FBgn0038092,FBgn0038494,FBgn0038498,FBgn0052183,FBgn0083963,FBgn0083975,FBgn0260660,FBgn0261046,FBgn0261574,FBgn0262018,FBgn0262733,FBgn0267001	GO:0007155
cell-cell adhesion via plasma-membrane adhesion molecules	6.756028088250323e-12	FBgn0000636,FBgn0003285,FBgn0004456,FBgn0010473,FBgn0013433,FBgn0015229,FBgn0015609,FBgn0021764,FBgn0023095,FBgn0024189,FBgn0028369,FBgn0029082,FBgn0037963,FBgn0038087,FBgn0038092,FBgn0038494,FBgn0038498,FBgn0261046,FBgn0261574,FBgn0262018	GO:0098742
cell projection organization	8.452133401348008e-12	FBgn0000273,FBgn0000636,FBgn0000723,FBgn0003300,FBgn0003380,FBgn0003984,FBgn0004449,FBgn0004456,FBgn0004839,FBgn0004885,FBgn0005636,FBgn0010105,FBgn0010415,FBgn0010452,FBgn0010473,FBgn0011829,FBgn0013433,FBgn0014163,FBgn0015380,FBgn0015609,FBgn0016061,FBgn0016797,FBgn0020294,FBgn0023095,FBgn0024277,FBgn0026239,FBgn0027339,FBgn0033438,FBgn0033791,FBgn0034072,FBgn0034720,FBgn0035101,FBgn0035802,FBgn0038087,FBgn0038092,FBgn0038494,FBgn0038498,FBgn0039617,FBgn0040752,FBgn0052082,FBgn0053202,FBgn0085443,FBgn0085447,FBgn0086677,FBgn0260660,FBgn0260941,FBgn0261046,FBgn0261574,FBgn0261588,FBgn0262018,FBgn0262111,FBgn0262123,FBgn0262733,FBgn0263873,FBgn0263930,FBgn0264006,FBgn0266521,FBgn0267001	GO:0030030
biological adhesion	1.1195168557700819e-11	FBgn0000180,FBgn0000636,FBgn0003285,FBgn0004449,FBgn0004456,FBgn0004839,FBgn0010452,FBgn0010473,FBgn0011829,FBgn0013433,FBgn0015229,FBgn0015609,FBgn0021764,FBgn0023095,FBgn0024189,FBgn0028369,FBgn0029082,FBgn0035101,FBgn0037963,FBgn0038087,FBgn0038092,FBgn0038494,FBgn0038498,FBgn0052183,FBgn0083963,FBgn0083975,FBgn0260660,FBgn0261046,FBgn0261574,FBgn0262018,FBgn0262733,FBgn0267001	GO:0022610
cell-cell signaling	1.2608946902035834e-11	FBgn0000024,FBgn0000038,FBgn0000273,FBgn0002643,FBgn0003380,FBgn0004168,FBgn0004244,FBgn0004449,FBgn0004514,FBgn0011582,FBgn0015380,FBgn0015519,FBgn0016797,FBgn0019985,FBgn0028875,FBgn0030230,FBgn0030897,FBgn0033438,FBgn0033791,FBgn0033876,FBgn0034072,FBgn0034136,FBgn0035756,FBgn0037408,FBgn0037546,FBgn0038542,FBgn0040752,FBgn0041605,FBgn0083963,FBgn0083975,FBgn0086677,FBgn0086778,FBgn0250910,FBgn0260003,FBgn0262593,FBgn0262733,FBgn0263995,FBgn0264006,FBgn0264606,FBgn0265416,FBgn0266137,FBgn0267001	GO:0007267
cell morphogenesis	1.5395606494512322e-11	FBgn0000636,FBgn0000723,FBgn0001981,FBgn0003300,FBgn0003380,FBgn0004449,FBgn0004456,FBgn0004839,FBgn0004885,FBgn0005636,FBgn0010105,FBgn0010415,FBgn0010452,FBgn0010473,FBgn0013433,FBgn0014163,FBgn0015380,FBgn0015609,FBgn0016061,FBgn0016797,FBgn0020294,FBgn0023095,FBgn0024277,FBgn0026239,FBgn0027339,FBgn0028622,FBgn0033438,FBgn0033791,FBgn0034072,FBgn0034720,FBgn0035802,FBgn0038087,FBgn0038092,FBgn0038494,FBgn0038498,FBgn0039617,FBgn0040752,FBgn0051660,FBgn0053202,FBgn0085443,FBgn0085447,FBgn0086677,FBgn0260660,FBgn0261046,FBgn0261588,FBgn0261988,FBgn0262018,FBgn0262733,FBgn0263873,FBgn0263930,FBgn0264006,FBgn0267001	GO:0000902
plasma membrane bounded cell projection organization	1.6781592593829608e-11	FBgn0000273,FBgn0000636,FBgn0000723,FBgn0003300,FBgn0003380,FBgn0004449,FBgn0004456,FBgn0004839,FBgn0004885,FBgn0005636,FBgn0010105,FBgn0010415,FBgn0010452,FBgn0010473,FBgn0011829,FBgn0013433,FBgn0014163,FBgn0015380,FBgn0015609,FBgn0016061,FBgn0016797,FBgn0020294,FBgn0023095,FBgn0024277,FBgn0026239,FBgn0027339,FBgn0033438,FBgn0033791,FBgn0034072,FBgn0034720,FBgn0035101,FBgn0035802,FBgn0038087,FBgn0038092,FBgn0038494,FBgn0038498,FBgn0039617,FBgn0040752,FBgn0052082,FBgn0053202,FBgn0085443,FBgn0085447,FBgn0086677,FBgn0260660,FBgn0260941,FBgn0261046,FBgn0261574,FBgn0261588,FBgn0262018,FBgn0262111,FBgn0262123,FBgn0262733,FBgn0263873,FBgn0263930,FBgn0264006,FBgn0266521,FBgn0267001	GO:0120036
anatomical structure morphogenesis	2.3349264241031513e-11	FBgn0000042,FBgn0000114,FBgn0000273,FBgn0000395,FBgn0000636,FBgn0000723,FBgn0001981,FBgn0002643,FBgn0003285,FBgn0003300,FBgn0003380,FBgn0003463,FBgn0003984,FBgn0004449,FBgn0004456,FBgn0004839,FBgn0004870,FBgn0004885,FBgn0005636,FBgn0010105,FBgn0010317,FBgn0010415,FBgn0010452,FBgn0010473,FBgn0011706,FBgn0011710,FBgn0013433,FBgn0013469,FBgn0014163,FBgn0015380,FBgn0015609,FBgn0015946,FBgn0016061,FBgn0016797,FBgn0020294,FBgn0021764,FBgn0022960,FBgn0023095,FBgn0024189,FBgn0024277,FBgn0026239,FBgn0027339,FBgn0028369,FBgn0028622,FBgn0029082,FBgn0030520,FBgn0033438,FBgn0033791,FBgn0034072,FBgn0034408,FBgn0034720,FBgn0035802,FBgn0036165,FBgn0036801,FBgn0038071,FBgn0038087,FBgn0038092,FBgn0038494,FBgn0038498,FBgn0038755,FBgn0039617,FBgn0040752,FBgn0041094,FBgn0051660,FBgn0051774,FBgn0053202,FBgn0085412,FBgn0085443,FBgn0085447,FBgn0086677,FBgn0260003,FBgn0260660,FBgn0260941,FBgn0261046,FBgn0261574,FBgn0261588,FBgn0261648,FBgn0261988,FBgn0262018,FBgn0262111,FBgn0262733,FBgn0263102,FBgn0263706,FBgn0263873,FBgn0263930,FBgn0264006,FBgn0265487,FBgn0265598,FBgn0267001,FBgn0267337,FBgn0267728,FBgn0284250	GO:0009653
response to stimulus	4.7328310540473996e-11	FBgn0000038,FBgn0000273,FBgn0000395,FBgn0000636,FBgn0000723,FBgn0001224,FBgn0001226,FBgn0001229,FBgn0001248,FBgn0001981,FBgn0002643,FBgn0003300,FBgn0003380,FBgn0003463,FBgn0003984,FBgn0003996,FBgn0004168,FBgn0004244,FBgn0004449,FBgn0004456,FBgn0004514,FBgn0004839,FBgn0004841,FBgn0004852,FBgn0004885,FBgn0005636,FBgn0010105,FBgn0010228,FBgn0010329,FBgn0010415,FBgn0010452,FBgn0010473,FBgn0011582,FBgn0011706,FBgn0011828,FBgn0011829,FBgn0013433,FBgn0015221,FBgn0015222,FBgn0015380,FBgn0015400,FBgn0015519,FBgn0015591,FBgn0015609,FBgn0015946,FBgn0016061,FBgn0016797,FBgn0019985,FBgn0020294,FBgn0023095,FBgn0024277,FBgn0025638,FBgn0025833,FBgn0026144,FBgn0026239,FBgn0027657,FBgn0028875,FBgn0029082,FBgn0029768,FBgn0030208,FBgn0032840,FBgn0033058,FBgn0033438,FBgn0033639,FBgn0033744,FBgn0033791,FBgn0034072,FBgn0034136,FBgn0035101,FBgn0035331,FBgn0035538,FBgn0035733,FBgn0035802,FBgn0036165,FBgn0036368,FBgn0036732,FBgn0036786,FBgn0036790,FBgn0036921,FBgn0037015,FBgn0037408,FBgn0037546,FBgn0038087,FBgn0038092,FBgn0038436,FBgn0038494,FBgn0038498,FBgn0038542,FBgn0039054,FBgn0039617,FBgn0040726,FBgn0040752,FBgn0041094,FBgn0042185,FBgn0050156,FBgn0051183,FBgn0051660,FBgn0051665,FBgn0052183,FBgn0052423,FBgn0052446,FBgn0053202,FBgn0053207,FBgn0053531,FBgn0085370,FBgn0085387,FBgn0085407,FBgn0085443,FBgn0085447,FBgn0086677,FBgn0086778,FBgn0250910,FBgn0259145,FBgn0259171,FBgn0260660,FBgn0261046,FBgn0261549,FBgn0261560,FBgn0261565,FBgn0261574,FBgn0261588,FBgn0261988,FBgn0262018,FBgn0262473,FBgn0262656,FBgn0262733,FBgn0263257,FBgn0263706,FBgn0263873,FBgn0263930,FBgn0264006,FBgn0264707,FBgn0264815,FBgn0264895,FBgn0265194,FBgn0265598,FBgn0266101,FBgn0266137,FBgn0267001	GO:0050896
biological regulation	5.1878028065864164e-11	FBgn0000024,FBgn0000038,FBgn0000042,FBgn0000114,FBgn0000273,FBgn0000395,FBgn0000723,FBgn0001180,FBgn0001229,FBgn0001981,FBgn0002643,FBgn0003285,FBgn0003300,FBgn0003380,FBgn0003463,FBgn0003984,FBgn0003996,FBgn0004168,FBgn0004244,FBgn0004449,FBgn0004456,FBgn0004509,FBgn0004514,FBgn0004839,FBgn0004841,FBgn0004852,FBgn0004870,FBgn0004885,FBgn0010105,FBgn0010228,FBgn0010317,FBgn0010329,FBgn0010414,FBgn0010415,FBgn0010473,FBgn0011582,FBgn0011589,FBgn0011706,FBgn0011710,FBgn0011829,FBgn0013469,FBgn0013753,FBgn0015221,FBgn0015222,FBgn0015380,FBgn0015400,FBgn0015519,FBgn0015591,FBgn0015609,FBgn0015946,FBgn0016694,FBgn0016797,FBgn0019985,FBgn0020294,FBgn0021764,FBgn0022960,FBgn0024277,FBgn0024321,FBgn0025638,FBgn0025833,FBgn0026144,FBgn0027339,FBgn0027589,FBgn0028369,FBgn0028407,FBgn0028704,FBgn0028875,FBgn0029082,FBgn0029768,FBgn0029824,FBgn0029939,FBgn0030122,FBgn0030208,FBgn0030230,FBgn0030520,FBgn0030897,FBgn0031285,FBgn0031384,FBgn0032694,FBgn0032741,FBgn0032840,FBgn0032857,FBgn0033058,FBgn0033438,FBgn0033744,FBgn0033791,FBgn0033876,FBgn0034072,FBgn0034136,FBgn0034408,FBgn0034606,FBgn0034720,FBgn0034877,FBgn0035101,FBgn0035331,FBgn0035538,FBgn0035733,FBgn0035756,FBgn0035802,FBgn0036165,FBgn0036368,FBgn0036732,FBgn0036790,FBgn0036801,FBgn0036921,FBgn0037015,FBgn0037342,FBgn0037408,FBgn0037546,FBgn0038436,FBgn0038542,FBgn0038641,FBgn0038755,FBgn0039054,FBgn0039431,FBgn0039617,FBgn0040752,FBgn0041094,FBgn0041605,FBgn0042185,FBgn0051092,FBgn0051183,FBgn0051660,FBgn0051665,FBgn0052082,FBgn0052183,FBgn0052446,FBgn0053202,FBgn0053207,FBgn0053531,FBgn0083963,FBgn0083975,FBgn0085370,FBgn0085387,FBgn0085391,FBgn0085407,FBgn0085412,FBgn0085443,FBgn0085447,FBgn0086677,FBgn0086778,FBgn0250910,FBgn0259111,FBgn0259145,FBgn0259171,FBgn0260003,FBgn0260660,FBgn0260943,FBgn0261549,FBgn0261560,FBgn0261574,FBgn0261648,FBgn0261988,FBgn0262473,FBgn0262477,FBgn0262593,FBgn0262656,FBgn0262733,FBgn0263102,FBgn0263257,FBgn0263392,FBgn0263706,FBgn0263930,FBgn0263995,FBgn0264006,FBgn0264386,FBgn0264606,FBgn0264707,FBgn0264815,FBgn0264895,FBgn0265194,FBgn0265487,FBgn0265598,FBgn0266101,FBgn0266137,FBgn0266521,FBgn0267001,FBgn0267337,FBgn0284248,FBgn0284250	GO:0065007
locomotion	5.4005457124673e-11	FBgn0000636,FBgn0000723,FBgn0001981,FBgn0003300,FBgn0003984,FBgn0003996,FBgn0004449,FBgn0004456,FBgn0004839,FBgn0004885,FBgn0005636,FBgn0010105,FBgn0010329,FBgn0010415,FBgn0010452,FBgn0010473,FBgn0011582,FBgn0013433,FBgn0015380,FBgn0015609,FBgn0016061,FBgn0016797,FBgn0020294,FBgn0023095,FBgn0024277,FBgn0026239,FBgn0033438,FBgn0033791,FBgn0034072,FBgn0035101,FBgn0038087,FBgn0038092,FBgn0038494,FBgn0038498,FBgn0039617,FBgn0051660,FBgn0052423,FBgn0053202,FBgn0085407,FBgn0085443,FBgn0086677,FBgn0260660,FBgn0261046,FBgn0261549,FBgn0261574,FBgn0261588,FBgn0262018,FBgn0262473,FBgn0262477,FBgn0262733,FBgn0263930,FBgn0264006,FBgn0265194,FBgn0265416,FBgn0266521,FBgn0267001	GO:0040011
multicellular organism development	6.329058001960986e-11	FBgn0000042,FBgn0000273,FBgn0000395,FBgn0000636,FBgn0000723,FBgn0001180,FBgn0001226,FBgn0001981,FBgn0002643,FBgn0003285,FBgn0003300,FBgn0003380,FBgn0003463,FBgn0003984,FBgn0004449,FBgn0004456,FBgn0004509,FBgn0004839,FBgn0004852,FBgn0004870,FBgn0004885,FBgn0005636,FBgn0010105,FBgn0010317,FBgn0010415,FBgn0010452,FBgn0010473,FBgn0011706,FBgn0011710,FBgn0011829,FBgn0013433,FBgn0013469,FBgn0013732,FBgn0014163,FBgn0015229,FBgn0015380,FBgn0015591,FBgn0015609,FBgn0015946,FBgn0016061,FBgn0016797,FBgn0020294,FBgn0021764,FBgn0022960,FBgn0023095,FBgn0024189,FBgn0024277,FBgn0025638,FBgn0026239,FBgn0027339,FBgn0028369,FBgn0028704,FBgn0029082,FBgn0029939,FBgn0032741,FBgn0032840,FBgn0033438,FBgn0033791,FBgn0034072,FBgn0034408,FBgn0034720,FBgn0034877,FBgn0035101,FBgn0035802,FBgn0036165,FBgn0036732,FBgn0036801,FBgn0038071,FBgn0038087,FBgn0038092,FBgn0038494,FBgn0038498,FBgn0038755,FBgn0039054,FBgn0039431,FBgn0039617,FBgn0040752,FBgn0041094,FBgn0041605,FBgn0051660,FBgn0051774,FBgn0052423,FBgn0053202,FBgn0053531,FBgn0083963,FBgn0083975,FBgn0085407,FBgn0085412,FBgn0085414,FBgn0085443,FBgn0085447,FBgn0086677,FBgn0260003,FBgn0260660,FBgn0260941,FBgn0261046,FBgn0261560,FBgn0261574,FBgn0261588,FBgn0261648,FBgn0261988,FBgn0262018,FBgn0262111,FBgn0262473,FBgn0262656,FBgn0262733,FBgn0263102,FBgn0263706,FBgn0263873,FBgn0263930,FBgn0264006,FBgn0264606,FBgn0265416,FBgn0265487,FBgn0265598,FBgn0266521,FBgn0267001,FBgn0267337,FBgn0267728,FBgn0284250	GO:0007275
cell development	2.3130449916834083e-10	FBgn0000042,FBgn0000114,FBgn0000273,FBgn0000636,FBgn0000723,FBgn0001180,FBgn0002643,FBgn0003285,FBgn0003300,FBgn0003380,FBgn0003463,FBgn0003984,FBgn0004449,FBgn0004456,FBgn0004509,FBgn0004839,FBgn0004885,FBgn0005636,FBgn0010105,FBgn0010317,FBgn0010415,FBgn0010452,FBgn0010473,FBgn0011706,FBgn0011829,FBgn0013433,FBgn0013469,FBgn0014163,FBgn0015380,FBgn0015609,FBgn0015946,FBgn0016061,FBgn0016797,FBgn0020294,FBgn0021764,FBgn0022960,FBgn0023095,FBgn0024189,FBgn0024277,FBgn0025638,FBgn0026239,FBgn0027339,FBgn0030520,FBgn0032741,FBgn0033438,FBgn0033791,FBgn0034072,FBgn0034720,FBgn0035101,FBgn0035802,FBgn0036786,FBgn0038087,FBgn0038092,FBgn0038494,FBgn0038498,FBgn0039431,FBgn0039617,FBgn0040752,FBgn0051660,FBgn0052423,FBgn0053202,FBgn0085407,FBgn0085414,FBgn0085443,FBgn0085447,FBgn0086677,FBgn0260660,FBgn0260943,FBgn0261046,FBgn0261574,FBgn0261588,FBgn0261648,FBgn0261988,FBgn0262018,FBgn0262473,FBgn0262656,FBgn0262733,FBgn0263102,FBgn0263392,FBgn0263873,FBgn0263930,FBgn0264006,FBgn0265487,FBgn0266521,FBgn0267001	GO:0048468
anatomical structure development	1.695380191291577e-9	FBgn0000042,FBgn0000114,FBgn0000180,FBgn0000273,FBgn0000395,FBgn0000636,FBgn0000723,FBgn0001180,FBgn0001226,FBgn0001981,FBgn0002643,FBgn0003285,FBgn0003300,FBgn0003380,FBgn0003463,FBgn0003984,FBgn0004449,FBgn0004456,FBgn0004509,FBgn0004839,FBgn0004852,FBgn0004870,FBgn0004885,FBgn0005636,FBgn0010105,FBgn0010317,FBgn0010415,FBgn0010452,FBgn0010473,FBgn0011706,FBgn0011710,FBgn0011829,FBgn0013433,FBgn0013469,FBgn0013732,FBgn0014163,FBgn0015229,FBgn0015380,FBgn0015591,FBgn0015609,FBgn0015946,FBgn0016061,FBgn0016797,FBgn0020294,FBgn0021764,FBgn0022960,FBgn0023095,FBgn0024189,FBgn0024277,FBgn0025638,FBgn0026239,FBgn0027339,FBgn0028369,FBgn0028622,FBgn0028704,FBgn0029082,FBgn0029939,FBgn0030520,FBgn0032741,FBgn0032840,FBgn0033438,FBgn0033791,FBgn0034072,FBgn0034408,FBgn0034720,FBgn0034877,FBgn0035101,FBgn0035802,FBgn0036165,FBgn0036732,FBgn0036786,FBgn0036801,FBgn0038071,FBgn0038087,FBgn0038092,FBgn0038494,FBgn0038498,FBgn0038755,FBgn0039054,FBgn0039431,FBgn0039617,FBgn0040752,FBgn0041094,FBgn0041605,FBgn0051660,FBgn0051774,FBgn0052423,FBgn0053202,FBgn0053531,FBgn0083963,FBgn0083975,FBgn0085407,FBgn0085412,FBgn0085414,FBgn0085443,FBgn0085447,FBgn0086677,FBgn0260003,FBgn0260660,FBgn0260941,FBgn0260943,FBgn0261046,FBgn0261560,FBgn0261574,FBgn0261588,FBgn0261648,FBgn0261988,FBgn0262018,FBgn0262111,FBgn0262473,FBgn0262656,FBgn0262733,FBgn0263102,FBgn0263392,FBgn0263706,FBgn0263873,FBgn0263930,FBgn0264006,FBgn0264606,FBgn0265416,FBgn0265487,FBgn0265598,FBgn0266521,FBgn0267001,FBgn0267337,FBgn0267728,FBgn0284250	GO:0048856
cellular component morphogenesis	2.2095070661954594e-9	FBgn0000114,FBgn0000636,FBgn0000723,FBgn0003300,FBgn0003380,FBgn0004449,FBgn0004456,FBgn0004839,FBgn0004885,FBgn0005636,FBgn0010105,FBgn0010415,FBgn0010452,FBgn0010473,FBgn0013433,FBgn0014163,FBgn0015380,FBgn0015609,FBgn0016061,FBgn0016797,FBgn0020294,FBgn0023095,FBgn0024277,FBgn0026239,FBgn0027339,FBgn0033438,FBgn0033791,FBgn0034072,FBgn0034720,FBgn0035802,FBgn0038087,FBgn0038092,FBgn0038494,FBgn0038498,FBgn0039617,FBgn0040752,FBgn0053202,FBgn0085443,FBgn0085447,FBgn0086677,FBgn0260660,FBgn0261046,FBgn0261588,FBgn0262018,FBgn0262733,FBgn0263873,FBgn0263930,FBgn0264006,FBgn0267001	GO:0032989
cell differentiation	2.4553588886837467e-9	FBgn0000042,FBgn0000114,FBgn0000273,FBgn0000636,FBgn0000723,FBgn0001180,FBgn0001981,FBgn0002643,FBgn0003285,FBgn0003300,FBgn0003380,FBgn0003463,FBgn0003984,FBgn0004449,FBgn0004456,FBgn0004509,FBgn0004839,FBgn0004885,FBgn0005636,FBgn0010105,FBgn0010317,FBgn0010415,FBgn0010452,FBgn0010473,FBgn0011706,FBgn0011829,FBgn0013433,FBgn0013469,FBgn0014163,FBgn0015380,FBgn0015609,FBgn0015946,FBgn0016061,FBgn0016797,FBgn0020294,FBgn0021764,FBgn0022960,FBgn0023095,FBgn0024189,FBgn0024277,FBgn0024321,FBgn0025638,FBgn0026239,FBgn0027339,FBgn0028369,FBgn0029082,FBgn0030520,FBgn0032741,FBgn0033438,FBgn0033791,FBgn0034072,FBgn0034720,FBgn0035101,FBgn0035802,FBgn0036786,FBgn0038087,FBgn0038092,FBgn0038494,FBgn0038498,FBgn0039431,FBgn0039617,FBgn0040752,FBgn0051660,FBgn0052423,FBgn0053202,FBgn0085407,FBgn0085414,FBgn0085443,FBgn0085447,FBgn0086677,FBgn0260660,FBgn0260941,FBgn0260943,FBgn0261046,FBgn0261574,FBgn0261588,FBgn0261648,FBgn0261988,FBgn0262018,FBgn0262111,FBgn0262473,FBgn0262656,FBgn0262733,FBgn0263102,FBgn0263392,FBgn0263873,FBgn0263930,FBgn0264006,FBgn0265487,FBgn0266521,FBgn0267001,FBgn0267337	GO:0030154
signal transduction	3.361785691885351e-9	FBgn0000038,FBgn0000273,FBgn0000395,FBgn0000723,FBgn0002643,FBgn0003463,FBgn0003984,FBgn0004168,FBgn0004244,FBgn0004514,FBgn0004839,FBgn0004841,FBgn0004852,FBgn0004885,FBgn0010329,FBgn0011582,FBgn0011706,FBgn0011829,FBgn0015380,FBgn0015400,FBgn0015519,FBgn0015591,FBgn0015946,FBgn0016797,FBgn0019985,FBgn0024277,FBgn0025638,FBgn0025833,FBgn0028875,FBgn0029082,FBgn0029768,FBgn0030208,FBgn0032840,FBgn0033058,FBgn0033438,FBgn0033744,FBgn0033791,FBgn0035101,FBgn0035331,FBgn0035538,FBgn0035733,FBgn0035802,FBgn0036165,FBgn0036368,FBgn0036732,FBgn0036790,FBgn0036921,FBgn0037015,FBgn0037408,FBgn0037546,FBgn0038436,FBgn0038542,FBgn0039054,FBgn0040752,FBgn0041094,FBgn0051183,FBgn0051660,FBgn0051665,FBgn0052183,FBgn0053531,FBgn0085370,FBgn0085387,FBgn0085407,FBgn0085443,FBgn0085447,FBgn0086677,FBgn0086778,FBgn0250910,FBgn0259145,FBgn0259171,FBgn0260660,FBgn0261549,FBgn0261560,FBgn0261988,FBgn0262473,FBgn0262656,FBgn0262733,FBgn0263257,FBgn0263706,FBgn0263930,FBgn0264707,FBgn0264815,FBgn0264895,FBgn0266101,FBgn0266137	GO:0007165
cellular developmental process	3.644500289387701e-9	FBgn0000042,FBgn0000114,FBgn0000273,FBgn0000636,FBgn0000723,FBgn0001180,FBgn0001981,FBgn0002643,FBgn0003285,FBgn0003300,FBgn0003380,FBgn0003463,FBgn0003984,FBgn0004449,FBgn0004456,FBgn0004509,FBgn0004839,FBgn0004885,FBgn0005636,FBgn0010105,FBgn0010317,FBgn0010415,FBgn0010452,FBgn0010473,FBgn0011706,FBgn0011829,FBgn0013433,FBgn0013469,FBgn0014163,FBgn0015380,FBgn0015609,FBgn0015946,FBgn0016061,FBgn0016797,FBgn0020294,FBgn0021764,FBgn0022960,FBgn0023095,FBgn0024189,FBgn0024277,FBgn0024321,FBgn0025638,FBgn0026239,FBgn0027339,FBgn0028369,FBgn0029082,FBgn0030520,FBgn0032741,FBgn0033438,FBgn0033791,FBgn0034072,FBgn0034720,FBgn0035101,FBgn0035802,FBgn0036786,FBgn0038087,FBgn0038092,FBgn0038494,FBgn0038498,FBgn0039431,FBgn0039617,FBgn0040752,FBgn0051660,FBgn0052423,FBgn0053202,FBgn0085407,FBgn0085414,FBgn0085443,FBgn0085447,FBgn0086677,FBgn0260660,FBgn0260941,FBgn0260943,FBgn0261046,FBgn0261574,FBgn0261588,FBgn0261648,FBgn0261988,FBgn0262018,FBgn0262111,FBgn0262473,FBgn0262656,FBgn0262733,FBgn0263102,FBgn0263392,FBgn0263873,FBgn0263930,FBgn0264006,FBgn0265487,FBgn0266521,FBgn0267001,FBgn0267337	GO:0048869
developmental process	4.8975516447699335e-9	FBgn0000042,FBgn0000114,FBgn0000180,FBgn0000273,FBgn0000395,FBgn0000636,FBgn0000723,FBgn0001180,FBgn0001226,FBgn0001981,FBgn0002643,FBgn0003285,FBgn0003300,FBgn0003380,FBgn0003463,FBgn0003984,FBgn0004449,FBgn0004456,FBgn0004509,FBgn0004839,FBgn0004852,FBgn0004870,FBgn0004885,FBgn0005636,FBgn0010105,FBgn0010317,FBgn0010415,FBgn0010452,FBgn0010473,FBgn0011706,FBgn0011710,FBgn0011829,FBgn0013433,FBgn0013469,FBgn0013732,FBgn0013753,FBgn0014163,FBgn0015229,FBgn0015380,FBgn0015591,FBgn0015609,FBgn0015946,FBgn0016061,FBgn0016797,FBgn0020294,FBgn0021764,FBgn0022960,FBgn0023095,FBgn0024189,FBgn0024277,FBgn0024321,FBgn0025638,FBgn0026239,FBgn0027339,FBgn0028369,FBgn0028622,FBgn0028704,FBgn0029082,FBgn0029939,FBgn0030520,FBgn0032741,FBgn0032840,FBgn0033438,FBgn0033791,FBgn0034072,FBgn0034408,FBgn0034720,FBgn0034877,FBgn0035101,FBgn0035802,FBgn0036165,FBgn0036732,FBgn0036786,FBgn0036801,FBgn0038071,FBgn0038087,FBgn0038092,FBgn0038494,FBgn0038498,FBgn0038755,FBgn0039054,FBgn0039431,FBgn0039617,FBgn0040752,FBgn0041094,FBgn0041605,FBgn0051660,FBgn0051774,FBgn0052423,FBgn0053202,FBgn0053207,FBgn0053531,FBgn0083963,FBgn0083975,FBgn0085407,FBgn0085412,FBgn0085414,FBgn0085443,FBgn0085447,FBgn0086677,FBgn0260003,FBgn0260660,FBgn0260941,FBgn0260943,FBgn0261046,FBgn0261560,FBgn0261574,FBgn0261588,FBgn0261648,FBgn0261988,FBgn0262018,FBgn0262111,FBgn0262473,FBgn0262656,FBgn0262733,FBgn0263102,FBgn0263392,FBgn0263706,FBgn0263873,FBgn0263930,FBgn0263995,FBgn0264006,FBgn0264606,FBgn0265416,FBgn0265487,FBgn0265598,FBgn0266137,FBgn0266521,FBgn0267001,FBgn0267337,FBgn0267728,FBgn0284250	GO:0032502
motor neuron axon guidance	8.50948203929141e-9	FBgn0004449,FBgn0004885,FBgn0010415,FBgn0010452,FBgn0013433,FBgn0016061,FBgn0016797,FBgn0020294,FBgn0023095,FBgn0033438,FBgn0033791,FBgn0038087,FBgn0038092,FBgn0038494,FBgn0038498,FBgn0260660,FBgn0263930,FBgn0267001	GO:0008045
response to chemical	1.3156896280708818e-8	FBgn0000273,FBgn0000395,FBgn0000636,FBgn0000723,FBgn0001248,FBgn0001981,FBgn0003300,FBgn0003380,FBgn0003463,FBgn0003984,FBgn0004168,FBgn0004244,FBgn0004449,FBgn0004456,FBgn0004839,FBgn0004885,FBgn0005636,FBgn0010105,FBgn0010329,FBgn0010415,FBgn0010452,FBgn0010473,FBgn0011582,FBgn0011706,FBgn0013433,FBgn0015221,FBgn0015222,FBgn0015380,FBgn0015609,FBgn0016061,FBgn0016797,FBgn0020294,FBgn0023095,FBgn0024277,FBgn0025638,FBgn0026239,FBgn0027657,FBgn0032840,FBgn0033438,FBgn0033744,FBgn0033791,FBgn0034072,FBgn0034136,FBgn0035538,FBgn0036732,FBgn0037015,FBgn0037408,FBgn0037546,FBgn0038087,FBgn0038092,FBgn0038436,FBgn0038494,FBgn0038498,FBgn0038542,FBgn0039617,FBgn0040726,FBgn0050156,FBgn0053202,FBgn0053207,FBgn0086677,FBgn0260660,FBgn0261046,FBgn0261560,FBgn0261588,FBgn0262018,FBgn0262473,FBgn0262656,FBgn0262733,FBgn0263930,FBgn0264006,FBgn0265598,FBgn0266137,FBgn0267001	GO:0042221
animal organ morphogenesis	2.4151437053325915e-8	FBgn0000273,FBgn0000395,FBgn0001981,FBgn0002643,FBgn0003285,FBgn0003300,FBgn0003463,FBgn0003984,FBgn0004449,FBgn0004456,FBgn0004839,FBgn0004870,FBgn0004885,FBgn0005636,FBgn0010452,FBgn0010473,FBgn0011706,FBgn0013433,FBgn0013469,FBgn0015380,FBgn0015609,FBgn0016797,FBgn0021764,FBgn0022960,FBgn0023095,FBgn0024189,FBgn0024277,FBgn0028369,FBgn0029082,FBgn0033438,FBgn0033791,FBgn0034072,FBgn0034408,FBgn0035802,FBgn0036801,FBgn0038755,FBgn0040752,FBgn0051774,FBgn0085412,FBgn0086677,FBgn0260003,FBgn0260941,FBgn0261648,FBgn0261988,FBgn0262018,FBgn0262111,FBgn0262733,FBgn0263102,FBgn0263706,FBgn0263930,FBgn0264006,FBgn0265487,FBgn0265598,FBgn0267337,FBgn0267728	GO:0009887
regulation of cellular process	3.902385936762683e-8	FBgn0000038,FBgn0000114,FBgn0000273,FBgn0000395,FBgn0000723,FBgn0001180,FBgn0001229,FBgn0001981,FBgn0002643,FBgn0003300,FBgn0003380,FBgn0003463,FBgn0003984,FBgn0004168,FBgn0004244,FBgn0004449,FBgn0004514,FBgn0004839,FBgn0004841,FBgn0004852,FBgn0004870,FBgn0004885,FBgn0010105,FBgn0010228,FBgn0010317,FBgn0010329,FBgn0010415,FBgn0010473,FBgn0011582,FBgn0011706,FBgn0011710,FBgn0011829,FBgn0013469,FBgn0013753,FBgn0015380,FBgn0015400,FBgn0015519,FBgn0015591,FBgn0015609,FBgn0015946,FBgn0016694,FBgn0016797,FBgn0019985,FBgn0020294,FBgn0021764,FBgn0022960,FBgn0024277,FBgn0024321,FBgn0025638,FBgn0025833,FBgn0027339,FBgn0028369,FBgn0028407,FBgn0028875,FBgn0029082,FBgn0029768,FBgn0029824,FBgn0029939,FBgn0030122,FBgn0030208,FBgn0030520,FBgn0030897,FBgn0031285,FBgn0031384,FBgn0032694,FBgn0032741,FBgn0032840,FBgn0032857,FBgn0033058,FBgn0033438,FBgn0033744,FBgn0033791,FBgn0034072,FBgn0034606,FBgn0034720,FBgn0035101,FBgn0035331,FBgn0035538,FBgn0035733,FBgn0035802,FBgn0036165,FBgn0036368,FBgn0036732,FBgn0036790,FBgn0036801,FBgn0036921,FBgn0037015,FBgn0037342,FBgn0037408,FBgn0037546,FBgn0038436,FBgn0038542,FBgn0039054,FBgn0039431,FBgn0039617,FBgn0040752,FBgn0041094,FBgn0041605,FBgn0051183,FBgn0051660,FBgn0051665,FBgn0052082,FBgn0052183,FBgn0053202,FBgn0053207,FBgn0053531,FBgn0083963,FBgn0083975,FBgn0085370,FBgn0085387,FBgn0085391,FBgn0085407,FBgn0085443,FBgn0085447,FBgn0086677,FBgn0086778,FBgn0250910,FBgn0259145,FBgn0259171,FBgn0260003,FBgn0260660,FBgn0260943,FBgn0261549,FBgn0261560,FBgn0261574,FBgn0261648,FBgn0261988,FBgn0262473,FBgn0262477,FBgn0262593,FBgn0262656,FBgn0262733,FBgn0263102,FBgn0263257,FBgn0263392,FBgn0263706,FBgn0263930,FBgn0263995,FBgn0264006,FBgn0264606,FBgn0264707,FBgn0264815,FBgn0264895,FBgn0265487,FBgn0265598,FBgn0266101,FBgn0266137,FBgn0266521,FBgn0267001,FBgn0267337,FBgn0284248,FBgn0284250	GO:0050794
chemical synaptic transmission	3.966448568562073e-8	FBgn0000024,FBgn0000038,FBgn0000273,FBgn0003380,FBgn0004168,FBgn0004244,FBgn0004449,FBgn0011582,FBgn0015519,FBgn0019985,FBgn0028875,FBgn0030230,FBgn0030897,FBgn0033876,FBgn0034072,FBgn0034136,FBgn0035756,FBgn0037546,FBgn0040752,FBgn0041605,FBgn0083963,FBgn0083975,FBgn0086677,FBgn0086778,FBgn0260003,FBgn0262593,FBgn0262733,FBgn0263995,FBgn0264006,FBgn0264606,FBgn0265416,FBgn0267001	GO:0007268
anterograde trans-synaptic signaling	3.966448568562073e-8	FBgn0000024,FBgn0000038,FBgn0000273,FBgn0003380,FBgn0004168,FBgn0004244,FBgn0004449,FBgn0011582,FBgn0015519,FBgn0019985,FBgn0028875,FBgn0030230,FBgn0030897,FBgn0033876,FBgn0034072,FBgn0034136,FBgn0035756,FBgn0037546,FBgn0040752,FBgn0041605,FBgn0083963,FBgn0083975,FBgn0086677,FBgn0086778,FBgn0260003,FBgn0262593,FBgn0262733,FBgn0263995,FBgn0264006,FBgn0264606,FBgn0265416,FBgn0267001	GO:0098916
trans-synaptic signaling	4.351265647910882e-8	FBgn0000024,FBgn0000038,FBgn0000273,FBgn0003380,FBgn0004168,FBgn0004244,FBgn0004449,FBgn0011582,FBgn0015519,FBgn0019985,FBgn0028875,FBgn0030230,FBgn0030897,FBgn0033876,FBgn0034072,FBgn0034136,FBgn0035756,FBgn0037546,FBgn0040752,FBgn0041605,FBgn0083963,FBgn0083975,FBgn0086677,FBgn0086778,FBgn0260003,FBgn0262593,FBgn0262733,FBgn0263995,FBgn0264006,FBgn0264606,FBgn0265416,FBgn0267001	GO:0099537
response to external stimulus	5.720053798038834e-8	FBgn0000636,FBgn0000723,FBgn0001226,FBgn0001981,FBgn0003300,FBgn0003380,FBgn0003996,FBgn0004244,FBgn0004449,FBgn0004456,FBgn0004839,FBgn0004852,FBgn0004885,FBgn0005636,FBgn0010105,FBgn0010228,FBgn0010415,FBgn0010452,FBgn0010473,FBgn0011582,FBgn0013433,FBgn0015221,FBgn0015222,FBgn0015380,FBgn0015609,FBgn0015946,FBgn0016061,FBgn0016797,FBgn0020294,FBgn0023095,FBgn0024277,FBgn0026144,FBgn0026239,FBgn0032840,FBgn0033438,FBgn0033791,FBgn0034072,FBgn0035538,FBgn0038087,FBgn0038092,FBgn0038494,FBgn0038498,FBgn0039617,FBgn0051660,FBgn0052423,FBgn0053202,FBgn0085387,FBgn0086677,FBgn0260660,FBgn0261046,FBgn0261549,FBgn0261560,FBgn0261565,FBgn0261574,FBgn0261588,FBgn0261988,FBgn0262018,FBgn0262473,FBgn0262656,FBgn0262733,FBgn0263873,FBgn0263930,FBgn0264006,FBgn0264707,FBgn0265194,FBgn0267001	GO:0009605
synaptic signaling	9.847678772229268e-8	FBgn0000024,FBgn0000038,FBgn0000273,FBgn0003380,FBgn0004168,FBgn0004244,FBgn0004449,FBgn0011582,FBgn0015519,FBgn0019985,FBgn0028875,FBgn0030230,FBgn0030897,FBgn0033876,FBgn0034072,FBgn0034136,FBgn0035756,FBgn0037546,FBgn0040752,FBgn0041605,FBgn0083963,FBgn0083975,FBgn0086677,FBgn0086778,FBgn0260003,FBgn0262593,FBgn0262733,FBgn0263995,FBgn0264006,FBgn0264606,FBgn0265416,FBgn0267001	GO:0099536
homophilic cell adhesion via plasma membrane adhesion molecules	5.93504614797137e-7	FBgn0000636,FBgn0003285,FBgn0010473,FBgn0015609,FBgn0021764,FBgn0023095,FBgn0024189,FBgn0028369,FBgn0029082,FBgn0037963,FBgn0261046,FBgn0261574,FBgn0262018	GO:0007156
regulation of biological process	6.160954249951191e-7	FBgn0000038,FBgn0000114,FBgn0000273,FBgn0000395,FBgn0000723,FBgn0001180,FBgn0001229,FBgn0001981,FBgn0002643,FBgn0003285,FBgn0003300,FBgn0003380,FBgn0003463,FBgn0003984,FBgn0004168,FBgn0004244,FBgn0004449,FBgn0004514,FBgn0004839,FBgn0004841,FBgn0004852,FBgn0004870,FBgn0004885,FBgn0010105,FBgn0010228,FBgn0010317,FBgn0010329,FBgn0010415,FBgn0010473,FBgn0011582,FBgn0011706,FBgn0011710,FBgn0011829,FBgn0013469,FBgn0013753,FBgn0015380,FBgn0015400,FBgn0015519,FBgn0015591,FBgn0015609,FBgn0015946,FBgn0016694,FBgn0016797,FBgn0019985,FBgn0020294,FBgn0021764,FBgn0022960,FBgn0024277,FBgn0024321,FBgn0025638,FBgn0025833,FBgn0026144,FBgn0027339,FBgn0028369,FBgn0028407,FBgn0028875,FBgn0029082,FBgn0029768,FBgn0029824,FBgn0029939,FBgn0030122,FBgn0030208,FBgn0030520,FBgn0030897,FBgn0031285,FBgn0031384,FBgn0032694,FBgn0032741,FBgn0032840,FBgn0032857,FBgn0033058,FBgn0033438,FBgn0033744,FBgn0033791,FBgn0034072,FBgn0034606,FBgn0034720,FBgn0035101,FBgn0035331,FBgn0035538,FBgn0035733,FBgn0035802,FBgn0036165,FBgn0036368,FBgn0036732,FBgn0036790,FBgn0036801,FBgn0036921,FBgn0037015,FBgn0037342,FBgn0037408,FBgn0037546,FBgn0038436,FBgn0038542,FBgn0038755,FBgn0039054,FBgn0039431,FBgn0039617,FBgn0040752,FBgn0041094,FBgn0041605,FBgn0051092,FBgn0051183,FBgn0051660,FBgn0051665,FBgn0052082,FBgn0052183,FBgn0053202,FBgn0053207,FBgn0053531,FBgn0083963,FBgn0083975,FBgn0085370,FBgn0085387,FBgn0085391,FBgn0085407,FBgn0085412,FBgn0085443,FBgn0085447,FBgn0086677,FBgn0086778,FBgn0250910,FBgn0259145,FBgn0259171,FBgn0260003,FBgn0260660,FBgn0260943,FBgn0261549,FBgn0261560,FBgn0261574,FBgn0261648,FBgn0261988,FBgn0262473,FBgn0262477,FBgn0262593,FBgn0262656,FBgn0262733,FBgn0263102,FBgn0263257,FBgn0263392,FBgn0263706,FBgn0263930,FBgn0263995,FBgn0264006,FBgn0264606,FBgn0264707,FBgn0264815,FBgn0264895,FBgn0265487,FBgn0265598,FBgn0266101,FBgn0266137,FBgn0266521,FBgn0267001,FBgn0267337,FBgn0284248,FBgn0284250	GO:0050789
neuron recognition	8.724365503172498e-7	FBgn0000636,FBgn0004449,FBgn0004456,FBgn0004509,FBgn0004885,FBgn0010105,FBgn0010473,FBgn0013433,FBgn0015380,FBgn0015609,FBgn0016797,FBgn0033438,FBgn0033791,FBgn0035101,FBgn0085407,FBgn0085414,FBgn0261046,FBgn0262473,FBgn0267001	GO:0008038
cyclic-nucleotide-mediated signaling	0.0000010958120136455876	FBgn0000273,FBgn0004514,FBgn0004852,FBgn0011582,FBgn0035538,FBgn0036368,FBgn0038436,FBgn0038542,FBgn0051183,FBgn0250910,FBgn0259145,FBgn0259171,FBgn0261988,FBgn0263257,FBgn0266137	GO:0019935
cell recognition	0.0000013897504411479243	FBgn0000636,FBgn0004449,FBgn0004456,FBgn0004509,FBgn0004885,FBgn0010105,FBgn0010473,FBgn0013433,FBgn0015380,FBgn0015609,FBgn0016797,FBgn0033438,FBgn0033791,FBgn0035101,FBgn0085407,FBgn0085414,FBgn0261046,FBgn0262473,FBgn0267001	GO:0008037
system process	0.0000033887725608107406	FBgn0000038,FBgn0000114,FBgn0000273,FBgn0003380,FBgn0003984,FBgn0003996,FBgn0004168,FBgn0004244,FBgn0004456,FBgn0004514,FBgn0010329,FBgn0011582,FBgn0015380,FBgn0015519,FBgn0019985,FBgn0024189,FBgn0026144,FBgn0028369,FBgn0028875,FBgn0030723,FBgn0032010,FBgn0034286,FBgn0035170,FBgn0035538,FBgn0037408,FBgn0037908,FBgn0040726,FBgn0040752,FBgn0040823,FBgn0042185,FBgn0051163,FBgn0051665,FBgn0053202,FBgn0053207,FBgn0085414,FBgn0085447,FBgn0086778,FBgn0260660,FBgn0261549,FBgn0261588,FBgn0261648,FBgn0262111,FBgn0262477,FBgn0262593,FBgn0262733,FBgn0264386,FBgn0265598	GO:0003008
movement of cell or subcellular component	0.00000508989894856015	FBgn0000636,FBgn0000723,FBgn0001981,FBgn0003300,FBgn0003984,FBgn0004449,FBgn0004456,FBgn0004839,FBgn0004885,FBgn0005636,FBgn0010105,FBgn0010415,FBgn0010452,FBgn0010473,FBgn0013433,FBgn0015380,FBgn0015609,FBgn0016061,FBgn0016797,FBgn0020294,FBgn0023095,FBgn0024277,FBgn0026239,FBgn0033438,FBgn0033791,FBgn0034072,FBgn0035101,FBgn0038087,FBgn0038092,FBgn0038494,FBgn0038498,FBgn0039617,FBgn0051660,FBgn0053202,FBgn0085407,FBgn0085443,FBgn0086677,FBgn0260660,FBgn0261046,FBgn0261574,FBgn0261588,FBgn0261988,FBgn0262018,FBgn0262123,FBgn0262733,FBgn0263930,FBgn0264006,FBgn0266521,FBgn0267001	GO:0006928
heterophilic cell-cell adhesion via plasma membrane cell adhesion molecules	0.0000060732055981155776	FBgn0004456,FBgn0013433,FBgn0015229,FBgn0024189,FBgn0028369,FBgn0029082,FBgn0038087,FBgn0038092,FBgn0038494,FBgn0038498	GO:0007157
cellular response to stimulus	0.00007217861103534754	FBgn0000038,FBgn0000273,FBgn0000395,FBgn0000723,FBgn0001229,FBgn0001248,FBgn0002643,FBgn0003380,FBgn0003463,FBgn0003984,FBgn0004168,FBgn0004244,FBgn0004514,FBgn0004841,FBgn0004852,FBgn0004885,FBgn0010329,FBgn0011582,FBgn0011706,FBgn0011829,FBgn0015380,FBgn0015519,FBgn0015591,FBgn0015946,FBgn0016797,FBgn0019985,FBgn0025638,FBgn0025833,FBgn0028875,FBgn0029768,FBgn0032840,FBgn0033058,FBgn0033438,FBgn0033639,FBgn0033744,FBgn0033791,FBgn0035101,FBgn0035331,FBgn0035538,FBgn0035733,FBgn0036368,FBgn0036732,FBgn0036786,FBgn0036790,FBgn0036921,FBgn0037015,FBgn0037408,FBgn0037546,FBgn0038436,FBgn0038542,FBgn0050156,FBgn0051183,FBgn0051660,FBgn0051665,FBgn0052183,FBgn0052423,FBgn0053531,FBgn0085370,FBgn0085387,FBgn0085407,FBgn0085443,FBgn0085447,FBgn0086677,FBgn0086778,FBgn0250910,FBgn0259145,FBgn0259171,FBgn0261549,FBgn0261560,FBgn0262473,FBgn0262656,FBgn0262733,FBgn0263257,FBgn0263930,FBgn0264815,FBgn0266101,FBgn0266137	GO:0051716
tissue morphogenesis	0.00009777315724244926	FBgn0000273,FBgn0000395,FBgn0000723,FBgn0001981,FBgn0002643,FBgn0003463,FBgn0003984,FBgn0004456,FBgn0004839,FBgn0004870,FBgn0004885,FBgn0010452,FBgn0011706,FBgn0015609,FBgn0016797,FBgn0023095,FBgn0024277,FBgn0029082,FBgn0033438,FBgn0034072,FBgn0034408,FBgn0035802,FBgn0036801,FBgn0038755,FBgn0051660,FBgn0051774,FBgn0085412,FBgn0086677,FBgn0260003,FBgn0260941,FBgn0261574,FBgn0261648,FBgn0261988,FBgn0262018,FBgn0262111,FBgn0262733,FBgn0263102,FBgn0263706,FBgn0263930,FBgn0265598,FBgn0267337,FBgn0267728	GO:0048729
G protein-coupled receptor signaling pathway	0.0001126188957578308	FBgn0000273,FBgn0004168,FBgn0004514,FBgn0004841,FBgn0004852,FBgn0010329,FBgn0011582,FBgn0015591,FBgn0019985,FBgn0029768,FBgn0032840,FBgn0033058,FBgn0033744,FBgn0035331,FBgn0035538,FBgn0036790,FBgn0037408,FBgn0037546,FBgn0038542,FBgn0051660,FBgn0250910,FBgn0261549,FBgn0266137	GO:0007186
morphogenesis of an epithelium	0.0001226595088524191	FBgn0000273,FBgn0000395,FBgn0000723,FBgn0001981,FBgn0002643,FBgn0003463,FBgn0003984,FBgn0004456,FBgn0004839,FBgn0004870,FBgn0004885,FBgn0010452,FBgn0011706,FBgn0015609,FBgn0016797,FBgn0023095,FBgn0024277,FBgn0029082,FBgn0033438,FBgn0034072,FBgn0034408,FBgn0035802,FBgn0036801,FBgn0038755,FBgn0051660,FBgn0051774,FBgn0085412,FBgn0260003,FBgn0260941,FBgn0261574,FBgn0261648,FBgn0261988,FBgn0262018,FBgn0262111,FBgn0262733,FBgn0263102,FBgn0263706,FBgn0263930,FBgn0265598,FBgn0267337,FBgn0267728	GO:0002009
regulation of multicellular organismal process	0.00013002716904449244	FBgn0000114,FBgn0000273,FBgn0000723,FBgn0001180,FBgn0003285,FBgn0003380,FBgn0003463,FBgn0003984,FBgn0004168,FBgn0004244,FBgn0004852,FBgn0004870,FBgn0010105,FBgn0010415,FBgn0010473,FBgn0011582,FBgn0011829,FBgn0013469,FBgn0013753,FBgn0015609,FBgn0016797,FBgn0021764,FBgn0024277,FBgn0025638,FBgn0026144,FBgn0028369,FBgn0029082,FBgn0029768,FBgn0032741,FBgn0032840,FBgn0034720,FBgn0038755,FBgn0039431,FBgn0040752,FBgn0051660,FBgn0053207,FBgn0085412,FBgn0085443,FBgn0085447,FBgn0261648,FBgn0262473,FBgn0262593,FBgn0262656,FBgn0262733,FBgn0263930,FBgn0263995,FBgn0264006,FBgn0266137	GO:0051239
cell junction assembly	0.00020450135366348042	FBgn0004449,FBgn0010105,FBgn0010415,FBgn0015380,FBgn0023095,FBgn0024189,FBgn0024277,FBgn0028369,FBgn0034720,FBgn0039431,FBgn0040752,FBgn0041605,FBgn0083963,FBgn0083975,FBgn0085387,FBgn0086677,FBgn0262018,FBgn0262473,FBgn0262733,FBgn0264006,FBgn0264606,FBgn0266521,FBgn0267001	GO:0034329
behavior	0.00021037483930618988	FBgn0000273,FBgn0003380,FBgn0003984,FBgn0003996,FBgn0004168,FBgn0004244,FBgn0004841,FBgn0010329,FBgn0010473,FBgn0011582,FBgn0013469,FBgn0015221,FBgn0015380,FBgn0019985,FBgn0028622,FBgn0029768,FBgn0032840,FBgn0034136,FBgn0034636,FBgn0035331,FBgn0035538,FBgn0035802,FBgn0037408,FBgn0040726,FBgn0040752,FBgn0042185,FBgn0052423,FBgn0053207,FBgn0085387,FBgn0086778,FBgn0262477,FBgn0262593,FBgn0262733,FBgn0264006,FBgn0264815,FBgn0265416,FBgn0265487,FBgn0265598,FBgn0266137	GO:0007610
growth	0.00025884563816280695	FBgn0000273,FBgn0000723,FBgn0003380,FBgn0004449,FBgn0004839,FBgn0004852,FBgn0010415,FBgn0015609,FBgn0016797,FBgn0024277,FBgn0032840,FBgn0034072,FBgn0034720,FBgn0036165,FBgn0037015,FBgn0038755,FBgn0039431,FBgn0040752,FBgn0041094,FBgn0041605,FBgn0085443,FBgn0086677,FBgn0261560,FBgn0261574,FBgn0262018,FBgn0262473,FBgn0262656,FBgn0262733,FBgn0263930,FBgn0264006,FBgn0266521,FBgn0267001,FBgn0267728	GO:0040007
animal organ development	0.0003960892795265873	FBgn0000273,FBgn0000395,FBgn0001180,FBgn0001981,FBgn0002643,FBgn0003285,FBgn0003300,FBgn0003463,FBgn0003984,FBgn0004449,FBgn0004456,FBgn0004839,FBgn0004870,FBgn0004885,FBgn0005636,FBgn0010452,FBgn0010473,FBgn0011706,FBgn0013433,FBgn0013469,FBgn0015380,FBgn0015609,FBgn0016797,FBgn0021764,FBgn0022960,FBgn0023095,FBgn0024189,FBgn0024277,FBgn0028369,FBgn0028704,FBgn0029082,FBgn0033438,FBgn0033791,FBgn0034072,FBgn0034408,FBgn0035802,FBgn0036801,FBgn0038755,FBgn0039054,FBgn0040752,FBgn0051774,FBgn0085407,FBgn0085447,FBgn0086677,FBgn0260003,FBgn0260941,FBgn0261574,FBgn0261648,FBgn0261988,FBgn0262018,FBgn0262111,FBgn0262473,FBgn0262733,FBgn0263102,FBgn0263706,FBgn0263930,FBgn0264006,FBgn0265487,FBgn0265598,FBgn0267001,FBgn0267337,FBgn0267728	GO:0048513
regulation of biological quality	0.000507061397641652	FBgn0000024,FBgn0000038,FBgn0000042,FBgn0000114,FBgn0000723,FBgn0001981,FBgn0003380,FBgn0003996,FBgn0004244,FBgn0004449,FBgn0004456,FBgn0004509,FBgn0010329,FBgn0010414,FBgn0010415,FBgn0011582,FBgn0011589,FBgn0015221,FBgn0015222,FBgn0015519,FBgn0015591,FBgn0015609,FBgn0016797,FBgn0022960,FBgn0024277,FBgn0027589,FBgn0028704,FBgn0028875,FBgn0029768,FBgn0029939,FBgn0030230,FBgn0030897,FBgn0032840,FBgn0033876,FBgn0034072,FBgn0034136,FBgn0034408,FBgn0034720,FBgn0035756,FBgn0036368,FBgn0038641,FBgn0039431,FBgn0039617,FBgn0040752,FBgn0041605,FBgn0042185,FBgn0052082,FBgn0052446,FBgn0053202,FBgn0085387,FBgn0085407,FBgn0085447,FBgn0086778,FBgn0259111,FBgn0260003,FBgn0261549,FBgn0261560,FBgn0262593,FBgn0262656,FBgn0262733,FBgn0263930,FBgn0264006,FBgn0264386,FBgn0264606,FBgn0265194,FBgn0265487,FBgn0266137,FBgn0267001	GO:0065008
nervous system process	0.0006736402944434666	FBgn0000038,FBgn0000273,FBgn0003380,FBgn0003984,FBgn0003996,FBgn0004168,FBgn0004244,FBgn0004456,FBgn0004514,FBgn0010329,FBgn0011582,FBgn0015380,FBgn0015519,FBgn0019985,FBgn0028875,FBgn0030723,FBgn0032010,FBgn0034286,FBgn0035170,FBgn0035538,FBgn0037908,FBgn0040726,FBgn0040752,FBgn0040823,FBgn0042185,FBgn0051163,FBgn0053202,FBgn0053207,FBgn0085414,FBgn0085447,FBgn0086778,FBgn0261549,FBgn0261588,FBgn0261648,FBgn0262111,FBgn0262477,FBgn0262733,FBgn0264386	GO:0050877
developmental growth	0.0008212802883141273	FBgn0000273,FBgn0000723,FBgn0003380,FBgn0004449,FBgn0004839,FBgn0004852,FBgn0010415,FBgn0015609,FBgn0016797,FBgn0024277,FBgn0032840,FBgn0034072,FBgn0034720,FBgn0038755,FBgn0039431,FBgn0040752,FBgn0041605,FBgn0085443,FBgn0086677,FBgn0261574,FBgn0262018,FBgn0262473,FBgn0262656,FBgn0262733,FBgn0263930,FBgn0264006,FBgn0266521,FBgn0267001,FBgn0267728	GO:0048589
synapse assembly	0.000955808416642575	FBgn0004449,FBgn0010105,FBgn0010415,FBgn0015380,FBgn0023095,FBgn0024277,FBgn0034720,FBgn0039431,FBgn0040752,FBgn0041605,FBgn0083963,FBgn0083975,FBgn0086677,FBgn0262473,FBgn0262733,FBgn0264006,FBgn0264606,FBgn0266521,FBgn0267001	GO:0007416
regulation of membrane potential	0.0011221383457459644	FBgn0000038,FBgn0003380,FBgn0004244,FBgn0011589,FBgn0015519,FBgn0027589,FBgn0028875,FBgn0040752,FBgn0085387,FBgn0086778,FBgn0262593,FBgn0264386,FBgn0264606	GO:0042391
modulation of chemical synaptic transmission	0.0014277202151244679	FBgn0000273,FBgn0003380,FBgn0004244,FBgn0019985,FBgn0030897,FBgn0034072,FBgn0040752,FBgn0041605,FBgn0083963,FBgn0083975,FBgn0086677,FBgn0260003,FBgn0262593,FBgn0262733,FBgn0264006,FBgn0264606	GO:0050804
regulation of trans-synaptic signaling	0.0014277202151244679	FBgn0000273,FBgn0003380,FBgn0004244,FBgn0019985,FBgn0030897,FBgn0034072,FBgn0040752,FBgn0041605,FBgn0083963,FBgn0083975,FBgn0086677,FBgn0260003,FBgn0262593,FBgn0262733,FBgn0264006,FBgn0264606	GO:0099177
second-messenger-mediated signaling	0.001522391714395664	FBgn0000273,FBgn0004514,FBgn0004852,FBgn0011582,FBgn0035538,FBgn0036368,FBgn0038436,FBgn0038542,FBgn0051183,FBgn0250910,FBgn0259145,FBgn0259171,FBgn0261988,FBgn0263257,FBgn0266137	GO:0019932
neuromuscular junction development	0.0016486914574418473	FBgn0004449,FBgn0010415,FBgn0019985,FBgn0024277,FBgn0030897,FBgn0034720,FBgn0037015,FBgn0039431,FBgn0039617,FBgn0040752,FBgn0041605,FBgn0053202,FBgn0083963,FBgn0086677,FBgn0262733,FBgn0264006,FBgn0265416,FBgn0266521,FBgn0267001	GO:0007528
cellular process	0.002750235975487833	FBgn0000024,FBgn0000038,FBgn0000042,FBgn0000043,FBgn0000114,FBgn0000116,FBgn0000180,FBgn0000273,FBgn0000395,FBgn0000557,FBgn0000636,FBgn0000723,FBgn0001180,FBgn0001224,FBgn0001226,FBgn0001229,FBgn0001248,FBgn0001981,FBgn0002643,FBgn0003016,FBgn0003285,FBgn0003300,FBgn0003380,FBgn0003463,FBgn0003884,FBgn0003984,FBgn0003996,FBgn0004168,FBgn0004244,FBgn0004449,FBgn0004456,FBgn0004509,FBgn0004514,FBgn0004839,FBgn0004841,FBgn0004852,FBgn0004870,FBgn0004885,FBgn0005636,FBgn0010105,FBgn0010217,FBgn0010228,FBgn0010317,FBgn0010329,FBgn0010414,FBgn0010415,FBgn0010452,FBgn0010473,FBgn0011582,FBgn0011589,FBgn0011706,FBgn0011710,FBgn0011828,FBgn0011829,FBgn0013433,FBgn0013469,FBgn0013732,FBgn0013753,FBgn0013981,FBgn0014163,FBgn0015221,FBgn0015222,FBgn0015229,FBgn0015380,FBgn0015400,FBgn0015519,FBgn0015591,FBgn0015609,FBgn0015946,FBgn0016061,FBgn0016694,FBgn0016797,FBgn0019985,FBgn0020294,FBgn0021764,FBgn0022960,FBgn0023095,FBgn0023537,FBgn0024189,FBgn0024277,FBgn0024321,FBgn0025638,FBgn0025833,FBgn0026239,FBgn0027339,FBgn0027589,FBgn0028369,FBgn0028407,FBgn0028704,FBgn0028875,FBgn0029082,FBgn0029768,FBgn0029824,FBgn0029939,FBgn0030052,FBgn0030122,FBgn0030208,FBgn0030230,FBgn0030362,FBgn0030520,FBgn0030723,FBgn0030897,FBgn0031285,FBgn0031384,FBgn0031568,FBgn0031645,FBgn0031736,FBgn0031837,FBgn0032694,FBgn0032741,FBgn0032840,FBgn0032857,FBgn0033058,FBgn0033438,FBgn0033639,FBgn0033744,FBgn0033791,FBgn0033876,FBgn0034072,FBgn0034136,FBgn0034286,FBgn0034354,FBgn0034408,FBgn0034606,FBgn0034636,FBgn0034720,FBgn0034753,FBgn0034877,FBgn0035101,FBgn0035170,FBgn0035331,FBgn0035538,FBgn0035692,FBgn0035733,FBgn0035756,FBgn0035802,FBgn0036165,FBgn0036368,FBgn0036732,FBgn0036733,FBgn0036786,FBgn0036790,FBgn0036801,FBgn0036921,FBgn0037015,FBgn0037342,FBgn0037408,FBgn0037546,FBgn0037697,FBgn0037908,FBgn0037963,FBgn0038087,FBgn0038092,FBgn0038436,FBgn0038494,FBgn0038498,FBgn0038532,FBgn0038542,FBgn0038641,FBgn0038755,FBgn0039054,FBgn0039431,FBgn0039617,FBgn0040726,FBgn0040752,FBgn0040823,FBgn0041094,FBgn0041605,FBgn0042185,FBgn0050156,FBgn0050463,FBgn0051183,FBgn0051475,FBgn0051637,FBgn0051660,FBgn0051665,FBgn0051708,FBgn0051774,FBgn0052082,FBgn0052183,FBgn0052333,FBgn0052423,FBgn0052446,FBgn0052791,FBgn0052982,FBgn0053202,FBgn0053207,FBgn0053531,FBgn0083963,FBgn0083975,FBgn0085370,FBgn0085387,FBgn0085391,FBgn0085395,FBgn0085407,FBgn0085414,FBgn0085420,FBgn0085443,FBgn0085447,FBgn0086674,FBgn0086677,FBgn0086778,FBgn0250910,FBgn0259111,FBgn0259145,FBgn0259171,FBgn0259245,FBgn0260003,FBgn0260660,FBgn0260941,FBgn0260943,FBgn0261046,FBgn0261549,FBgn0261560,FBgn0261574,FBgn0261588,FBgn0261648,FBgn0261698,FBgn0261988,FBgn0262018,FBgn0262111,FBgn0262123,FBgn0262473,FBgn0262477,FBgn0262593,FBgn0262656,FBgn0262728,FBgn0262733,FBgn0263102,FBgn0263257,FBgn0263392,FBgn0263706,FBgn0263873,FBgn0263930,FBgn0263995,FBgn0264006,FBgn0264386,FBgn0264606,FBgn0264707,FBgn0264815,FBgn0264895,FBgn0265194,FBgn0265416,FBgn0265487,FBgn0265598,FBgn0266101,FBgn0266137,FBgn0266521,FBgn0266696,FBgn0267001,FBgn0267337,FBgn0284248,FBgn0284250	GO:0009987
post-embryonic animal morphogenesis	0.002967943204026748	FBgn0000273,FBgn0000395,FBgn0001981,FBgn0002643,FBgn0003463,FBgn0003984,FBgn0004456,FBgn0004839,FBgn0004870,FBgn0004885,FBgn0010452,FBgn0011706,FBgn0015946,FBgn0016797,FBgn0023095,FBgn0024277,FBgn0033438,FBgn0034072,FBgn0035802,FBgn0036801,FBgn0038755,FBgn0260003,FBgn0260941,FBgn0261648,FBgn0261988,FBgn0262111,FBgn0263102,FBgn0263706,FBgn0263930,FBgn0265598,FBgn0267337,FBgn0267728	GO:0009886
post-embryonic animal organ development	0.002967943204026748	FBgn0000273,FBgn0000395,FBgn0001981,FBgn0002643,FBgn0003463,FBgn0003984,FBgn0004456,FBgn0004839,FBgn0004870,FBgn0004885,FBgn0011706,FBgn0016797,FBgn0024189,FBgn0024277,FBgn0028369,FBgn0033438,FBgn0034072,FBgn0035802,FBgn0036801,FBgn0038755,FBgn0260003,FBgn0260941,FBgn0261648,FBgn0261988,FBgn0262111,FBgn0262473,FBgn0263102,FBgn0263706,FBgn0263930,FBgn0265598,FBgn0267337,FBgn0267728	GO:0048569
imaginal disc morphogenesis	0.0035195525536905444	FBgn0000273,FBgn0000395,FBgn0001981,FBgn0002643,FBgn0003463,FBgn0003984,FBgn0004456,FBgn0004839,FBgn0004870,FBgn0004885,FBgn0011706,FBgn0016797,FBgn0024277,FBgn0033438,FBgn0034072,FBgn0035802,FBgn0036801,FBgn0038755,FBgn0260003,FBgn0260941,FBgn0261648,FBgn0261988,FBgn0262111,FBgn0263102,FBgn0263706,FBgn0263930,FBgn0265598,FBgn0267337,FBgn0267728	GO:0007560
post-embryonic animal organ morphogenesis	0.0035195525536905444	FBgn0000273,FBgn0000395,FBgn0001981,FBgn0002643,FBgn0003463,FBgn0003984,FBgn0004456,FBgn0004839,FBgn0004870,FBgn0004885,FBgn0011706,FBgn0016797,FBgn0024277,FBgn0033438,FBgn0034072,FBgn0035802,FBgn0036801,FBgn0038755,FBgn0260003,FBgn0260941,FBgn0261648,FBgn0261988,FBgn0262111,FBgn0263102,FBgn0263706,FBgn0263930,FBgn0265598,FBgn0267337,FBgn0267728	GO:0048563
synaptic target recognition	0.003536457041970078	FBgn0000636,FBgn0004449,FBgn0004509,FBgn0010473,FBgn0016797,FBgn0033791,FBgn0085407,FBgn0085414,FBgn0262473,FBgn0267001	GO:0008039
cation transport	0.0061895565462059725	FBgn0003380,FBgn0003996,FBgn0004619,FBgn0010217,FBgn0010414,FBgn0011589,FBgn0015221,FBgn0015222,FBgn0015519,FBgn0027589,FBgn0028704,FBgn0028875,FBgn0034136,FBgn0038641,FBgn0040752,FBgn0042185,FBgn0052446,FBgn0085395,FBgn0086778,FBgn0259111,FBgn0259145,FBgn0261698,FBgn0262593,FBgn0263257,FBgn0264000,FBgn0264386,FBgn0265194	GO:0006812
postsynaptic membrane organization	0.006237952565211674	FBgn0004449,FBgn0004509,FBgn0083963,FBgn0083975,FBgn0265416,FBgn0267001	GO:0001941
tube morphogenesis	0.009193974834972921	FBgn0000042,FBgn0000273,FBgn0000395,FBgn0001981,FBgn0002643,FBgn0003463,FBgn0003984,FBgn0004456,FBgn0004839,FBgn0004870,FBgn0004885,FBgn0010452,FBgn0011706,FBgn0016797,FBgn0023095,FBgn0024277,FBgn0033438,FBgn0034072,FBgn0035802,FBgn0036801,FBgn0038755,FBgn0260003,FBgn0260941,FBgn0261574,FBgn0261648,FBgn0261988,FBgn0262111,FBgn0263102,FBgn0263706,FBgn0263930,FBgn0265598,FBgn0267337,FBgn0267728	GO:0035239
post-embryonic development	0.0096589199784217	FBgn0000273,FBgn0000395,FBgn0001981,FBgn0002643,FBgn0003463,FBgn0003984,FBgn0004456,FBgn0004839,FBgn0004852,FBgn0004870,FBgn0004885,FBgn0010452,FBgn0011706,FBgn0015591,FBgn0015946,FBgn0016797,FBgn0023095,FBgn0024189,FBgn0024277,FBgn0028369,FBgn0033438,FBgn0034072,FBgn0035802,FBgn0036732,FBgn0036801,FBgn0038755,FBgn0260003,FBgn0260941,FBgn0261648,FBgn0261988,FBgn0262111,FBgn0262473,FBgn0263102,FBgn0263706,FBgn0263930,FBgn0265598,FBgn0267337,FBgn0267728	GO:0009791
cellular component organization	0.010921014348649245	FBgn0000042,FBgn0000114,FBgn0000273,FBgn0000636,FBgn0000723,FBgn0002643,FBgn0003016,FBgn0003300,FBgn0003380,FBgn0003884,FBgn0003984,FBgn0004449,FBgn0004456,FBgn0004509,FBgn0004839,FBgn0004885,FBgn0005636,FBgn0010105,FBgn0010228,FBgn0010415,FBgn0010452,FBgn0010473,FBgn0011828,FBgn0011829,FBgn0013433,FBgn0013732,FBgn0013981,FBgn0014163,FBgn0015380,FBgn0015609,FBgn0016061,FBgn0016797,FBgn0019985,FBgn0020294,FBgn0022960,FBgn0023095,FBgn0024189,FBgn0024277,FBgn0026239,FBgn0027339,FBgn0028369,FBgn0030122,FBgn0030723,FBgn0030897,FBgn0031837,FBgn0032840,FBgn0033438,FBgn0033791,FBgn0034072,FBgn0034286,FBgn0034636,FBgn0034720,FBgn0035101,FBgn0035170,FBgn0035756,FBgn0035802,FBgn0036368,FBgn0037015,FBgn0037908,FBgn0038087,FBgn0038092,FBgn0038494,FBgn0038498,FBgn0039431,FBgn0039617,FBgn0040726,FBgn0040752,FBgn0040823,FBgn0041605,FBgn0051660,FBgn0051708,FBgn0052082,FBgn0052791,FBgn0052982,FBgn0053202,FBgn0083963,FBgn0083975,FBgn0085387,FBgn0085395,FBgn0085407,FBgn0085414,FBgn0085420,FBgn0085443,FBgn0085447,FBgn0086677,FBgn0259245,FBgn0260660,FBgn0260941,FBgn0261046,FBgn0261560,FBgn0261574,FBgn0261588,FBgn0261988,FBgn0262018,FBgn0262111,FBgn0262123,FBgn0262473,FBgn0262593,FBgn0262656,FBgn0262733,FBgn0263102,FBgn0263706,FBgn0263873,FBgn0263930,FBgn0264006,FBgn0264606,FBgn0264707,FBgn0265194,FBgn0265416,FBgn0265487,FBgn0266521,FBgn0266696,FBgn0267001	GO:0016043
epithelial tube morphogenesis	0.011965969347906637	FBgn0000273,FBgn0000395,FBgn0001981,FBgn0002643,FBgn0003463,FBgn0003984,FBgn0004456,FBgn0004839,FBgn0004870,FBgn0004885,FBgn0010452,FBgn0011706,FBgn0016797,FBgn0023095,FBgn0024277,FBgn0033438,FBgn0034072,FBgn0035802,FBgn0036801,FBgn0038755,FBgn0260003,FBgn0260941,FBgn0261648,FBgn0261988,FBgn0262111,FBgn0263102,FBgn0263706,FBgn0263930,FBgn0265598,FBgn0267337,FBgn0267728	GO:0060562
actin cytoskeleton reorganization	0.012825730122498298	FBgn0000273,FBgn0013732,FBgn0024277,FBgn0034072,FBgn0035101,FBgn0052082,FBgn0052982,FBgn0264707	GO:0031532
cGMP metabolic process	0.015898805405209757	FBgn0036368,FBgn0038436,FBgn0051183,FBgn0085370,FBgn0259171,FBgn0264815	GO:0046068
instar larval or pupal development	0.017763664867135272	FBgn0000273,FBgn0000395,FBgn0001981,FBgn0002643,FBgn0003463,FBgn0003984,FBgn0004456,FBgn0004839,FBgn0004852,FBgn0004870,FBgn0004885,FBgn0010452,FBgn0011706,FBgn0015591,FBgn0015946,FBgn0016797,FBgn0023095,FBgn0024277,FBgn0033438,FBgn0034072,FBgn0035802,FBgn0036801,FBgn0038755,FBgn0260003,FBgn0260941,FBgn0261648,FBgn0261988,FBgn0262111,FBgn0263102,FBgn0263706,FBgn0263930,FBgn0265598,FBgn0267337,FBgn0267728	GO:0002165
G protein-coupled receptor signaling pathway, coupled to cyclic nucleotide second messenger	0.018200233054914305	FBgn0004168,FBgn0004514,FBgn0004852,FBgn0011582,FBgn0035331,FBgn0035538,FBgn0037546,FBgn0038542,FBgn0250910,FBgn0266137	GO:0007187
actin filament-based process	0.023180169654638722	FBgn0000114,FBgn0000273,FBgn0000723,FBgn0003016,FBgn0004456,FBgn0011829,FBgn0013732,FBgn0024189,FBgn0024277,FBgn0026239,FBgn0034072,FBgn0035101,FBgn0051660,FBgn0052082,FBgn0052982,FBgn0085447,FBgn0261574,FBgn0261988,FBgn0262111,FBgn0262733,FBgn0263706,FBgn0263873,FBgn0264707,FBgn0266696	GO:0030029
regulation of developmental process	0.027025819361601797	FBgn0000114,FBgn0000273,FBgn0000723,FBgn0001180,FBgn0001981,FBgn0003285,FBgn0003463,FBgn0003984,FBgn0004852,FBgn0004870,FBgn0010105,FBgn0010415,FBgn0010473,FBgn0011829,FBgn0013469,FBgn0013753,FBgn0015609,FBgn0016797,FBgn0021764,FBgn0024277,FBgn0025638,FBgn0028369,FBgn0029082,FBgn0030520,FBgn0032741,FBgn0032840,FBgn0034720,FBgn0038755,FBgn0039431,FBgn0040752,FBgn0051660,FBgn0053207,FBgn0085412,FBgn0085443,FBgn0085447,FBgn0261648,FBgn0262473,FBgn0262656,FBgn0262733,FBgn0263930,FBgn0263995,FBgn0264006	GO:0050793
postsynapse organization	0.02730659857071103	FBgn0004449,FBgn0004509,FBgn0040752,FBgn0083963,FBgn0083975,FBgn0265416,FBgn0267001	GO:0099173
cAMP-mediated signaling	0.034100002352676975	FBgn0000273,FBgn0004514,FBgn0004852,FBgn0011582,FBgn0035538,FBgn0038542,FBgn0250910,FBgn0261988,FBgn0266137	GO:0019933
actin cytoskeleton organization	0.03590050764639816	FBgn0000114,FBgn0000273,FBgn0000723,FBgn0003016,FBgn0004456,FBgn0011829,FBgn0013732,FBgn0024189,FBgn0024277,FBgn0026239,FBgn0034072,FBgn0035101,FBgn0051660,FBgn0052082,FBgn0052982,FBgn0085447,FBgn0261574,FBgn0262111,FBgn0262733,FBgn0263706,FBgn0263873,FBgn0264707,FBgn0266696	GO:0030036
instar larval or pupal morphogenesis	0.038035581720711725	FBgn0000273,FBgn0000395,FBgn0001981,FBgn0002643,FBgn0003463,FBgn0003984,FBgn0004456,FBgn0004839,FBgn0004870,FBgn0004885,FBgn0011706,FBgn0016797,FBgn0024277,FBgn0033438,FBgn0034072,FBgn0035802,FBgn0036801,FBgn0038755,FBgn0260003,FBgn0260941,FBgn0261648,FBgn0261988,FBgn0262111,FBgn0263102,FBgn0263706,FBgn0263930,FBgn0265598,FBgn0267337,FBgn0267728	GO:0048707
presynaptic membrane organization	0.038885076151864394	FBgn0004449,FBgn0004509,FBgn0083963,FBgn0083975,FBgn0267001	GO:0097090
metamorphosis	0.04493040271982663	FBgn0000273,FBgn0000395,FBgn0001981,FBgn0002643,FBgn0003463,FBgn0003984,FBgn0004456,FBgn0004839,FBgn0004870,FBgn0004885,FBgn0011706,FBgn0016797,FBgn0024277,FBgn0033438,FBgn0034072,FBgn0035802,FBgn0036801,FBgn0038755,FBgn0052423,FBgn0260003,FBgn0260941,FBgn0261648,FBgn0261988,FBgn0262111,FBgn0263102,FBgn0263706,FBgn0263930,FBgn0265598,FBgn0267337,FBgn0267728	GO:0007552